text,created_at,favorite_count,retweet_count,lang
The Wizarding World of Nick Wiger,2016-03-26 18:20:05,35,2,en
My car is a Kirkland signature,2016-03-26 00:25:36,66,1,en
Wait so Batman represents a noncommittal yes and Superman a noncommittal no? https://t.co/xIchVamMJm,2016-03-25 20:35:48,57,0,en
"Congrats nerd culture, you've made a superstar out of pedantic sentient ""actually"" Neil deGrasse Tyson",2016-03-25 19:34:22,68,11,en
I'm the fucking lunatic who still maintains the Will McAvoy parody account 2 years after the Newsrooms cancellation AMA,2016-03-25 03:51:12,113,9,en
Seems reputable https://t.co/LeVKwdwQiv,2016-03-24 04:09:07,73,13,en
I stand with the people's champion https://t.co/rPuBp4aGiX,2016-03-23 22:10:44,62,3,en
"What's your fav sports movie. I like Rudy, the one about the annoying little shit who sucks at football",2016-03-23 21:41:17,73,9,en
I just got cucked by my wife's periodontist and where's Obama? That's right. Cuba,2016-03-22 15:09:10,86,11,en
I just spilled an extra large dunkaccino all over my gaming mousepad and meanwhile Obama's in Cuba,2016-03-22 15:07:29,94,4,en
What's my secret? I maintain the diet of a newly divorced dad &amp; the sleeping schedule of a dog who's gonna be put down in a week,2016-03-21 23:16:21,125,22,en
"Mr. President, you're a disgrace. https://t.co/Z4geINJxLA",2016-03-21 18:36:16,233,56,en
Happy 10th birthday Twitter... You piece of shit website,2016-03-21 16:37:37,185,26,en
This is fcuked up!!! via @jeffersondutton https://t.co/9WtW1RshDb,2016-03-20 21:25:32,61,5,en
"At a meeting of the Dick Tracy rogues gallery

BIG BOY
Gentlemen, it's time to acknowledge we're all fucked up looking monster men",2016-03-19 21:51:35,117,18,en
Just learned this cool Twitter hack https://t.co/lI0hBsdXSs,2016-03-19 01:52:14,214,60,en
Finally I understand why NYC loves Shake Shack... It's cause it's bean to bar üòôüëå https://t.co/UcVvMiFjxC,2016-03-18 23:03:34,28,0,en
I assume chip technology is accomplishing the credit card industry's goal of adding a needless layer of confusion to every transaction,2016-03-18 20:51:49,70,6,en
I know we're preoccupied with the election etc but pro Hearthstone player Diggen looks like a teenage Ed Helms https://t.co/zxBMVNQssb,2016-03-18 17:39:47,26,2,en
"""About"" 15 items? This is anarchy https://t.co/wuXleCJtiC",2016-03-18 01:53:25,173,21,en
1 out of 1 Wigers agree... This sign sucks https://t.co/mFauK8AUaP,2016-03-17 22:38:32,103,3,en
What the fuck is going on with your marriage Lisa Jill https://t.co/F0CjTkkP93,2016-03-17 04:17:31,207,48,en
Who's your fav Nintendo character. Mines Cranky Kongs dead wife https://t.co/2Btov08CWH,2016-03-17 04:00:39,562,133,en
You can just dick around &amp; not get anything done &amp; that can pretty much be your entire life,2016-03-16 20:12:12,124,29,en
Who is avail to murder me with a claw hammer,2016-03-16 09:43:08,32,1,en
"Here at Twitter dot com, we're committed to our core corporate mission of gradually ruining our product https://t.co/0a3qDbAKjc",2016-03-15 21:20:02,66,7,en
I would like to request a book length oral history of Konami's the Goonies II,2016-03-14 18:22:25,25,1,en
"Hardest I've laughed in 2016 is last night when @ryguyperez genuinely misread this guys name as ""Jack Cumshot"" https://t.co/ddkaXx3NWI",2016-03-13 18:46:14,33,1,en
Our son refuses to talk to us... My wife is in tears https://t.co/5qkyjjTcHm,2016-03-13 02:27:10,166,24,en
I officially don't understand 2016 https://t.co/JOHniXTtKc,2016-03-13 01:34:16,72,6,en
"Swamped all weekend being the pedantic fuck who corrects everyone that it's actually daylight SAVING time, singular",2016-03-13 00:44:57,40,2,en
Sure I like it when comedians do comedy but overall I'd rather watch them do an ok job of playing guitar,2016-03-12 00:04:26,106,10,en
I'm not horny,2016-03-11 07:44:45,61,8,en
"Sup pussies I'm a Bernie bro... I like smokin weed, jackin off, &amp; redistributive policies to counter the entrenched power of wealthy elites",2016-03-10 17:24:01,86,19,en
Nothing quite as infuriating as when a huge asshole is in the right,2016-03-08 21:05:27,38,6,en
"National Review paid me $2500 to write my dumbfuck counterintuitive take, Elizabeth Edwards is to Blame for Donald Trump",2016-03-08 18:55:30,14,0,en
The true mark of quality https://t.co/vxtH1SoB0u,2016-03-08 05:44:08,115,3,en
The top 2500 hair metal songs about being horny for an underage girl,2016-03-08 04:55:09,97,25,en
Is this canon https://t.co/B38FZsZUxk,2016-03-06 19:40:21,55,3,en
"Strangely, Mitt calling Trump a ""churlish misanthrope"" failed to persuade his supporters, who wish the purge was real",2016-03-04 05:43:52,434,132,en
"Finally a candidate who represents me, a man who's proud of his big ass dick",2016-03-04 02:13:18,102,16,en
Decided not to tweet this https://t.co/ymMM79vQIz,2016-03-03 19:25:34,123,5,en
When someone better at twitter than you throws you a courtesy like https://t.co/Oi2a4W5xI4,2016-03-03 18:33:01,45,4,en
https://t.co/Q9SEuNT84h,2016-03-03 18:15:56,35,7,und
"""Look up from your phone"" I have &amp; I don't like what I see",2016-03-03 17:59:31,46,19,en
"There's like an 8 foot basketball hoop set up in this Costco &amp; a dad just dunked on it &amp; said ""Shaq""",2016-03-03 00:55:15,137,20,en
When was this photograph taken https://t.co/4TbJaULcLy,2016-03-02 19:27:18,196,23,en
If you want the inside of your bagel scooped out you are worse than trash to me,2016-03-01 16:11:48,67,5,en
My wife is my best friend. In other words I'm pathetic,2016-03-01 08:00:24,82,13,en
"My son, when he hits puberty, to me: ""I have no respect for you as a man."" He'll be right",2016-03-01 07:31:01,61,6,en
My kids are gonna think I'm so fuckin lame,2016-03-01 07:27:17,30,2,en
We need a national conversation re: the social pressures of hugging. Like I think it should just be handshakes except for moms &amp; grandmas,2016-02-29 20:04:26,66,8,en
I don't know anything about the economy but this seems excessive https://t.co/Q5kEMI8w4w,2016-02-29 19:47:12,43,2,en
I have the posture of a loser,2016-02-28 22:15:03,40,7,en
There's nothing I've ever regretted quitting,2016-02-28 06:13:57,76,12,en
Leo committed to NoFap while filming the Revenant. Dude didn't cum till they picture wrapped,2016-02-28 01:47:52,60,8,en
I tried to close a tab on the Carl's Jr website &amp; got the most bizarre pop up of my life https://t.co/NIi3r2NCHl,2016-02-28 00:35:13,90,13,en
If crawfish have feelings what we do to them is intensely fucked,2016-02-27 23:52:28,29,2,en
"Nice... Uhh, wait [flips image] nice... No wait, ummm... Fuck https://t.co/1nzPLJeSbQ",2016-02-27 21:54:11,76,14,en
On the bus to Carl's Jr... Just a little glimpse into my LA lifestyle üòé,2016-02-27 21:37:27,90,3,en
Biggest danger of being a small town mayor is accidentally scissoring off your own dick at a ribbon cutting ceremony,2016-02-27 07:44:51,131,11,en
Love hearing how rich GOP donors won't go after Trump bc they're terrified @GADSEN__PATRI0T will call them cucks,2016-02-26 19:53:04,17,3,en
Petitions always work,2016-02-23 18:07:43,28,2,en
[not looking at my phone] ugh this sucks,2016-02-23 15:26:48,134,22,en
I think it's fucked that Onyx &amp; Biohazard's Slam didn't become a staple of NBA arena playlists,2016-02-23 05:34:06,39,0,en
I'm a Harvard grad,2016-02-21 06:20:06,26,1,en
For his birthday party @jackallisonLOL got a sweet &amp; sour fountain &amp; it's the grossest shit I've seen in my life https://t.co/KXnHLakMC1,2016-02-21 05:45:54,62,5,en
"RIP Jeb Bush, spanked to death by his disappointed parents",2016-02-21 01:44:02,151,45,en
Some dogs might need glasses. We don't know,2016-02-20 21:01:57,432,254,en
Wtf is wrong with people?? Ellen died bc everyone wanted a selfie with her https://t.co/bkmFtNBXoT,2016-02-19 06:28:14,71,10,en
"Sure, fuckin whatever https://t.co/ZEeee9IBLs",2016-02-19 02:58:58,2367,1044,en
Just realized I won $23 bc I'd bet on Scalia's death on PredictIt https://t.co/zH3rBJIuBm,2016-02-17 23:15:21,62,7,en
A dog just walked into my office &amp; I pet the dog,2016-02-17 21:01:35,64,1,en
"RIP Antonin ""Big Pussy"" Scalia https://t.co/CxlHorAXQJ",2016-02-13 23:29:00,98,15,en
Heres my Deadpool review... What 4th wall bitch!!,2016-02-13 19:39:05,60,7,en
Explain this to 1993 https://t.co/JFkwBs6jOH,2016-02-12 18:50:22,90,29,en
Gotta hand to Deadpool's marketing campaign https://t.co/JR2JiFrQZE,2016-02-06 01:25:28,547,204,en
God damnit!! Why'd that dentist have to fuckin kill Cecil!!! üò§üò§üò§üò§,2016-02-05 21:46:33,38,1,en
Wild Horses: Judgment new on @funnyordie improvised by @WildHorsesShow &amp; @JennaElfman directed/edited by me: https://t.co/DDCgNpUMJM,2016-02-05 18:31:32,18,3,en
"Glazed and Confused #DonutAMovie @midnight

I'm available March 1st",2016-02-05 07:39:58,31,0,en
2016.jpeg https://t.co/zAV1JJBfDr,2016-02-05 00:40:56,42,3,da
I'm just marking time until I age into a silver fox,2016-02-04 18:27:17,21,3,en
My best years are behind me,2016-02-04 06:14:33,45,6,en
"Forget groundhog day I'm more interested in pound hog day... That's right baby, I'm talking about jackin off",2016-02-02 19:18:55,373,79,en
Nice https://t.co/PeWq7YHWCG,2016-02-02 18:28:58,92,6,en
What do you have a paralyzing fear of. For me it's falling into a sinkhole and being exposed as a fraud,2016-02-01 23:30:44,35,2,en
How do I prevent aging into one of those old motherfuckers with a big pink head,2016-02-01 07:15:37,26,2,en
So sick of Bernie bros https://t.co/duyHajdZaa,2016-01-30 23:31:59,31,4,en
Nice https://t.co/t5pQMhAjJZ,2016-01-29 21:10:02,20,0,en
"This explains the trooper who tells Poe ""Ten years in and we bone like we're cheating on each other WITH each other"" https://t.co/CBPJNRhITp",2016-01-28 06:44:21,171,28,en
Hm maybe Bernie is bad https://t.co/PgQRS7qQqN,2016-01-27 22:17:08,50,10,en
Doctor says I have to stop wearing this in public bc my dicks raw from being sucked all the time https://t.co/mDpaGgXsux,2016-01-27 04:27:13,154,43,en
Somehow the most inexplicable thing to happen in post 9/11 America https://t.co/M9EQiQWPwu,2016-01-26 05:51:13,23,4,en
I reject my free issue? Calm down https://t.co/1ZkQ0V6xOf,2016-01-26 04:56:52,70,3,en
"I am 6'1"" 180 lbs. Is it accurate to describe myself as a ""large man""",2016-01-24 19:19:20,12,1,en
TV writer in the bio,2016-01-24 07:16:54,46,0,en
Here's a maddening thing that lunatics do: closing the bathroom door when it's unoccupied. Get the fuck outta here,2016-01-24 00:17:26,44,2,en
Ya gotta love havin sex,2016-01-23 21:26:46,68,3,en
"I like to think if someone ordered me to dig my own grave I'd say ""fuck you"" but deep down I know I'd just do it like a little bitch",2016-01-23 01:57:59,145,30,en
If you're ever shit talking me in a group text rest assured what you're saying would definitely hurt my feelings,2016-01-22 02:22:09,69,5,en
Police composite sketch of the zodiac killer as described by eyewitness #ZodiacTed https://t.co/AYYbyxqNkl,2016-01-20 21:59:48,208,74,en
I demand a chef kissing fingers emoji,2016-01-20 00:55:57,118,22,en
[scans the shorty awards best parody account nominees] gahhh I'm overdosing on good shit https://t.co/BUnmvMzBOn,2016-01-19 17:23:08,23,4,en
"I'm a liberal concerned Bernie Sanders may not be the most electable candidate. Coincidentally, I also happen to be very rich",2016-01-19 15:55:31,44,8,en
Twitter: is it extremely good or extremely bad? Our 1200 part series continues https://t.co/PmYA4Tz6CJ,2016-01-19 06:20:54,198,45,en
üòé https://t.co/1gBL0LW0EM,2016-01-18 23:12:27,69,1,und
[steals something verbatim] it's an homage,2016-01-18 19:16:45,40,2,en
Wish I'd won powerball https://t.co/67s5wbG82p,2016-01-17 20:24:09,30,3,en
My favorite genre of music is JRPG soundtrack,2016-01-16 23:09:40,29,1,en
Looking forward to a humiliated Jeb's day 2 convention speech endorsing Trump to polite applause,2016-01-16 22:02:52,25,1,en
Leo deserves the Oscar for the scene where he sucks the bears dick,2016-01-16 06:38:42,92,2,en
My aunt liked Microsoft Office on Facebook,2016-01-16 06:02:16,118,11,en
Season 2 of Serial is the new season 2 of The Wire,2016-01-15 20:52:13,26,1,en
You found Odie on Garfield street? Sounds like bullshit the dogist https://t.co/JjRiSdXOUm,2016-01-15 20:42:29,24,0,en
This years Don Rickles award for innovation in insults goes to the alt right for cuckservative,2016-01-14 23:50:41,15,0,en
Nice dick idiot https://t.co/uW1Vx82ZLD,2016-01-14 20:29:36,49,4,en
Shut the fuck up https://t.co/IB32hSoUul,2016-01-14 18:41:06,102,17,en
[exits a one person restroom &amp; there's no one waiting] the perfect crime,2016-01-12 17:03:51,125,22,en
Joey &amp; Rachel should've just fucked. Who cares,2016-01-12 07:31:06,217,28,en
What does BB-8 use that lighter for,2016-01-11 01:52:54,89,16,en
When the results are in for a poll you voted in https://t.co/EAznkmsj4g,2016-01-10 20:32:14,56,2,en
Photo credit: Terry Richardson https://t.co/ZtoCAiCYBi,2016-01-10 02:40:37,255,70,en
I keep waving to people on peach &amp; I'm fearful it has some sort of horny connotation,2016-01-09 23:16:47,26,1,en
So addicted to this show https://t.co/f4CYirTJvW,2016-01-09 02:01:26,4641,2511,en
I'm unclear on what peach is but I made a peach account @nickwiger,2016-01-09 00:57:23,5,0,en
This is just a thought &amp; I realize it might sound crazy: what if you decided not to get mad about star wars,2016-01-08 00:38:26,37,6,en
"Whoa, insane fan theory... Snoke is actually Gary Oldman from Hannibal? https://t.co/UFxZlAmB3y",2016-01-07 20:00:07,83,18,en
There's only one actual men's rights issue &amp; it's the existence of one man restrooms w no divider between toilet &amp; urinal,2016-01-07 19:45:23,85,23,en
Ah yes... so true https://t.co/cp0VNYpbJV,2016-01-07 02:04:06,53,3,en
"I'm not afraid of success, I'm just content with mediocrity",2016-01-06 19:09:38,44,3,en
It is truly rewarding to make content for nobody,2016-01-06 02:52:43,98,19,en
Thanks @DesiJed &amp; @TheRachelFisher for baking a coconut cream &amp; having me on @eatpiepodcast: https://t.co/zJ5JN8fLmg https://t.co/XBBO8dnRwP,2016-01-05 23:27:47,15,1,en
Can't some things just be fun https://t.co/qIgNesnlUT,2016-01-05 21:33:30,121,38,en
I read the Mad magazine parody of Seinfeld before I saw an episode &amp; it made Newman seem like a main character,2016-01-04 06:25:55,70,1,en
"Franklin Delano Roosevelt: The only thing we have to fear is fear itself.

1930s teen: fuck me daddy",2016-01-03 20:48:15,70,5,en
When you don't understand an @ reply but fav it anyway https://t.co/IGtvh1NwQq,2016-01-02 23:55:29,163,18,en
"Dudes always talk about shooting a ""hot load""... As opposed to what, an ice cold load? We know what temperature cum is dumbass",2016-01-02 23:10:57,60,7,en
Hurry over to rite aid for huge discounts on what the fuck calendars https://t.co/Qemt5KOEcZ,2016-01-02 22:07:19,44,5,en
We have enough boat movies,2016-01-02 04:59:39,44,3,en
"Onion power rankings:
1. Green
2. Red
3. Shallots
4. White
5. Yellow",2016-01-02 04:49:29,51,3,en
"Why's C3PO got that new red arm, simple, so when he's jackin off it feels like another droid",2015-12-31 21:21:02,98,14,en
We spent too much of 2015 talking TFA &amp; not enough discussing how in Pixels Qbert morphs into a hot chick who Josh Gad fucks,2015-12-31 08:18:21,59,4,en
Thankful there hasn't yet been an aioli backlash,2015-12-30 22:27:58,18,1,en
My fav twilight zone is where the guy wishes everyone was dead so he had time to jack off but then his hands are crab claws plus he's hitler,2015-12-30 21:45:50,59,10,en
"Michael Bays new movie is called 13 Hours... What it's about, a trip to the DMV.

""Thanks for following in 2015"" -Nick Wiger",2015-12-30 20:08:03,82,9,en
All my dreams came true &amp; I'm still unhappy. Life is inherently terrible,2015-12-30 07:22:42,54,2,en
I think it's kinda sweet when horny online guys brag about their hot wives? Like it's nice there's still passion in their marriage,2015-12-30 02:15:31,19,1,en
I ‚ù§Ô∏è how corrupt Wario shithead Chris Christie has been made irrelevant by Trump whose main asset is he's better at being an asshole,2015-12-30 01:19:24,38,6,en
"If I have salad for lunch I just eat the salad but w a sandwich I need a side (chips, soup, etc.) This is a mental hurdle I need to get over",2015-12-29 22:30:09,19,1,en
"Up until the 1900s husbands &amp; wives didn't even fuck, you'd just give your spouse a firm handshake goodnight &amp; go sleep in separate rooms",2015-12-29 03:36:09,26,2,en
A Christmas miracle! https://t.co/dFq9oMIUBP,2015-12-28 17:09:33,22,4,en
Continuing to live is a sunk cost fallacy,2015-12-27 22:21:56,51,5,en
I don't like articles,2015-12-27 02:02:31,36,0,en
"VI &gt; VII &gt; IV &gt; V &gt; I &gt; III &gt; II

...relax nerds, I'm talking about final fantasies üòé",2015-12-26 23:37:59,68,15,en
"Looking back I think people did ""not my tempo"" jokes about the right amount. Didn't ever feel played out. Good job everyone",2015-12-25 22:50:26,96,21,en
So *every* Christmas Day game is blacked out on NBA league pass digital. What am I even paying for,2015-12-25 20:11:23,20,0,en
"GENIUS BAR: How can I help you today?
ME: Yeah hi, I clicked something so hard I cracked my screen https://t.co/8SdwMQFsuu",2015-12-24 06:36:54,118,30,en
Hell yea thats why I freakin love this game... These guys are twisted!! https://t.co/CL0YOer8OR,2015-12-23 22:02:27,60,6,en
"Listen up, SJWs: I had a serious problem with The Force Awakens [SPOILERS] https://t.co/zp2g8v7s4R",2015-12-23 19:17:04,60,8,en
When your family forgets your birthday https://t.co/6lIHeNuZVo,2015-12-22 21:09:46,26,0,en
"Even when I was little I was never into slime, that shit has always been gross",2015-12-22 19:48:23,17,1,en
[way too close to microphone] I'm a male feminist,2015-12-21 23:06:35,256,40,en
I think too much about the grade differences between my adult friends,2015-12-21 21:49:01,36,4,en
"1989: Sir Tim Berners-Lee invents the world wide web 
2015: https://t.co/Q6NkV704x4",2015-12-20 21:20:30,36,2,en
"I have a force awakens joke I wanna tweet but it's a huge spoiler, when can I tweet it",2015-12-19 21:53:04,22,0,en
To think at one point this man was the GOP front runner https://t.co/FxLFoqCreR,2015-12-19 17:32:14,132,36,en
Whoa calm down with the fireballs Jeb https://t.co/XCwvl9Nj7z,2015-12-19 17:25:41,28,0,en
Man... Heisenberg was so fuckin badass... Fuckin skyler!!!,2015-12-19 03:29:25,50,2,de
How long until the last baby boomer dies off so they'll stop making movies about rock &amp; roll,2015-12-18 05:24:58,109,9,en
Well the entire Grove theatre just got evacuated,2015-12-18 04:05:36,12,0,en
Since when is Santas workshop made out of candy this is some revisionist bullshit the grove https://t.co/r0eHI8pPsO,2015-12-18 02:57:10,34,2,en
Here's where I live https://t.co/SPtmSBR8aX,2015-12-17 20:54:01,18,0,en
"Here's a new joke, for context remember a line from ET and note how communication has changed over time. Ok here it is: ""ET text home""",2015-12-16 22:50:21,53,8,en
"Looks like I'll be finishing 2015 like I started it, unclear on what woke means",2015-12-16 16:59:27,26,2,en
Here's my impression of me [is in everyone's way],2015-12-15 04:17:24,40,3,en
You're not actually allowed to swear on this site. A lot of you are breaking the rules,2015-12-15 00:41:00,45,6,en
Only one of these that's better than the original https://t.co/MlI0vh8gJz,2015-12-14 21:42:41,35,1,en
"The post your favorite star wars character hashtag is fucked bc some use ""favourite"", some use ""characters"" plural, etc. Many problems",2015-12-14 04:56:53,24,3,en
"When your opponent top draws lethal &amp; BMs ""happy feast of winter veil"" https://t.co/hWAkagRpg5",2015-12-13 21:05:34,13,1,en
Pigpen is a nasty motherfucker,2015-12-13 05:48:00,116,17,en
In a decade the economy will just be 10 trillionaires &amp; everyone else taking turns giving each other uber rides,2015-12-13 01:30:13,3114,1567,en
I live for notes,2015-12-13 01:19:10,26,1,en
"""You happy, you fucks?"" https://t.co/qbuVDJ0jS9",2015-12-11 22:09:39,65,2,en
"Look I fucked up on the ""DQ Blizzards are milkshakes"" thing. Please stop harassing me &amp; my family @doughboyspod #SpoonNation",2015-12-11 00:26:11,92,9,en
Hey @Arbys big fan. I just rated you üç¥üç¥üç¥üç¥ on @doughboyspod. Any chance you could follow @thatRamosgirl? #ArbysFollowVanessa,2015-12-10 22:43:51,29,3,en
I know it was rumored but I'm stunned the new season of serial investigates what color sonics dick is,2015-12-10 16:28:53,79,12,en
"""Cool Ranch"" is a perfect flavor name",2015-12-08 18:38:31,66,8,en
It's official. I'm a hunk now,2015-12-08 06:18:31,42,3,en
In technology news https://t.co/PlhBbee53t,2015-12-07 23:58:31,27,2,en
How about a Boston movie where characters have a conversation in the stands at a Red Sox game,2015-12-06 22:51:56,48,5,en
"Weird detail about Spotlight: Cardinal Law was played by ""himself"" (??)",2015-12-06 05:49:09,16,0,en
We obviously wouldn't elect a president whose last name was Piss. But a governor? I think it's possible,2015-12-06 03:22:04,247,24,en
When someone dilutes the liquid hand soap with water to stretch it out https://t.co/ezAUMTHBV0,2015-12-05 03:14:59,50,5,en
[types POTUS] I'm smart,2015-12-05 00:04:24,28,1,en
"""The true story that inspired moby dick"" fuck. Yes",2015-12-04 17:50:22,18,0,en
Biggest sporting event of the year baby https://t.co/XSoXnMkZic,2015-12-03 21:19:47,23,0,en
Batman v Superman: Unnecessary Subtitle,2015-12-03 18:31:29,17,4,und
"Most embarrassing life events
3. Texts leaked online
2. Crap pants in public
1. Subject of ""airball"" chant",2015-12-03 05:40:43,47,7,en
"I like when a dog comes over to sniff you/say hello &amp; the owners like ""sorry"" that's like apologizing for handing me a cookie",2015-12-02 18:21:39,64,9,en
Surprised they changed the title from Batman v Superman: Dawn of Justice to Batman v Superman: It Looks Stupid,2015-12-01 06:22:25,45,10,en
This fuckin owns https://t.co/BcKWdtm1O3,2015-11-30 01:59:04,763,365,en
"Based on the breadth of their ad campaigns I've deduced the 3 most profitable industries:
1. Daily fantasy
2. Mobile games
3. Geico",2015-11-29 21:50:53,18,2,en
I get excited about doing everything &amp; then I end up doing nothing,2015-11-29 19:19:18,74,16,en
Mr Bergstrom was a fuckin dork #ConfessYourUnpopularOpinion https://t.co/kMq3ksUlDa,2015-11-29 15:50:58,61,5,en
Tyson Fury sounds like an unlockable mortal kombat character,2015-11-29 07:13:47,33,5,en
I'll rile up your good doggie. I don't give a fuck,2015-11-29 06:03:52,50,3,en
It feels incorrect that the Friends spinoff Joey was post 9/11,2015-11-28 23:09:23,30,0,en
I'm the one who reports Instagram photos as inappropriate. I find asses &amp; titties &amp; the like obscene,2015-11-28 22:07:05,53,0,en
I had a dumbfuck college roommate who grew up a Bulls fan then switched to the Lakers when MJ retired. Bet you $ he's a Warriors fan now,2015-11-28 05:25:10,38,4,en
When no one likes your NBA deep cut joke https://t.co/gxkO8n3OZl,2015-11-28 02:36:11,13,0,en
You could slide Steve Clifford into the cast of any Law &amp; Order &amp; not miss a beat,2015-11-28 02:18:39,10,1,en
Part of thanksgivings inherent wackness: dinner served at weird time. Why eat at like 3pm. Should be 7 like a regular day #fucksgiving,2015-11-27 02:37:16,16,2,en
Ok seriously Lakewood CA what the fuck is this https://t.co/KM1lNSpJLh,2015-11-27 00:27:45,189,45,en
"Thanksgiving is a trash tier holiday, right down there w flag day. Garbage",2015-11-27 00:13:19,38,1,en
When you show up at thanksgiving &amp; find out there's no alcohol https://t.co/RV1GSIaBQP,2015-11-26 22:28:13,29,3,en
Awesome https://t.co/p0JJa6w99D,2015-11-26 01:20:34,68,11,en
Not sure about these new merit badges https://t.co/0kNzIwtQ0I,2015-11-25 23:11:04,312,80,en
In the abstract bouncing a ball is soooo childish &amp; stupid but bc of basketball if you're good at it you fuck constantly,2015-11-25 06:20:20,33,3,en
When you &amp; your sons are all up for the lead in the Wario movie https://t.co/CpCCTRub4Q,2015-11-25 02:33:40,134,26,en
Like most things @jackallisonLOL got there first #FF,2015-11-24 18:44:24,5,0,en
Dilbert has gotten a lot darker than I remember https://t.co/DjDkZaFedL,2015-11-24 18:38:33,207,106,en
"Love waze, love to reach my destination a full 3 minutes faster with only an 1800% increase in stress",2015-11-23 18:22:35,67,3,en
Rip sriracha https://t.co/mVL1z7MxS3,2015-11-23 07:07:59,20,1,hi
"If a teenager did ""what are those"" to my shoes I would immediately start crying",2015-11-22 02:11:16,103,16,en
Hm starting to warm up to trump (h/t @michaelcassady) https://t.co/wXHunasXgb,2015-11-21 22:44:59,34,2,en
If I'm conscious I'm sipping a beverage,2015-11-21 22:17:17,18,2,en
Whoa https://t.co/qxwtPDLBWX,2015-11-21 00:43:01,47,9,en
Isis... Isil... these joker's can't even decide what to call them selves #OneDadsTake,2015-11-19 20:48:06,21,0,en
Those cheap ass cone shaped disposable cups you can't set on a flat surface... Get the fuck outta here,2015-11-19 03:07:00,88,15,en
Yes we all own handheld devices that interface with satellites but let's get to work inventing easy open jars,2015-11-18 20:42:14,14,0,en
#NationalAppleCiderDay https://t.co/tWsLVAnlPU,2015-11-18 20:03:25,29,0,und
Does Santa ever cum,2015-11-18 03:21:43,56,8,en
My favorite pastime is looking at my phone by myself,2015-11-16 21:07:25,53,5,en
How can conservatives destroy ISIS when they can't even make better memes,2015-11-15 19:07:57,27,3,en
"Getting ready, my oldest foe",2015-11-15 18:04:29,25,4,en
RadPad is nicer than all of my friends https://t.co/zTBYQa6nuL,2015-11-14 22:25:18,46,5,en
What is our world https://t.co/wTw00f8F9R,2015-11-13 21:13:35,14,0,en
Crazy... they greenlit a sequel already https://t.co/I7pvaW6VZL,2015-11-13 01:09:14,19,1,en
Has any candidate tweeted a Kermit drinking tea meme yet. I wanna know who to rule out,2015-11-12 22:16:56,21,0,en
You see that shitter over there. Thats where you can stick your notes pussy https://t.co/ZF1RBHZw0m,2015-11-12 02:45:36,1433,571,en
Do hunks ever trip,2015-11-11 23:15:21,28,4,en
When the reply to your tweet gets more favs than the original https://t.co/ggZ9O3ESbj,2015-11-11 21:02:52,55,2,en
Fuck yes. About time all the fun got sucked out of this https://t.co/1a7vLr8LMk,2015-11-11 20:00:22,33,6,en
"The future is very exciting, apps let you subcontract out your chores to a fleet of poorly compensated servants",2015-11-11 18:32:01,14,1,en
My name is terrible,2015-11-11 08:59:53,23,0,en
Hear me out. What if a guy who's not in great shape took his shirt off as a joke,2015-11-10 23:50:33,51,1,en
Just spent $170.4 million so I can jack off to this shit https://t.co/R2pGYqmrfA,2015-11-10 19:49:00,37,1,en
I'm old as shit &amp; I'm ready to be put down,2015-11-10 06:29:40,39,3,en
I feel like everyone's decided raccoons are cute &amp; I'm not comfortable w that,2015-11-09 20:14:57,24,0,en
There's a character in the new Star Wars called Constable Zuvio &amp; at some point someone will prob try Constable Rubio. Just be ready for it,2015-11-08 21:51:49,19,0,en
"I lock eyes w myself in the mirror &amp; say aloud ""it's trolling time"". I click compose new tweet: Trump's SNL was good",2015-11-08 21:03:13,35,2,en
"I have an idea for a new boy band, the idea is there's one old guy",2015-11-08 06:24:24,33,4,en
Please don't make me talk to anybody,2015-11-08 05:25:43,38,4,en
Using this Ben Carson news as an excuse to post a Brian Williams photoshop I made 6 months ago &amp; never uploaded https://t.co/kO3epmCUcc,2015-11-06 18:27:06,263,122,en
Thank you Newt https://t.co/FQpzdbF15D,2015-11-06 16:41:57,120,17,en
I would've faved your tweet but I haven't replied to your email yet,2015-11-06 02:32:32,64,12,en
Every show is bad,2015-11-05 07:13:32,34,4,en
Fuck voting,2015-11-04 06:47:29,31,6,en
Pretty obvious why this one flopped https://t.co/wMpKwQvHIF,2015-11-02 19:18:24,57,3,en
When you're ally of the year https://t.co/0RZYeaHC5Q,2015-11-02 18:11:02,46,3,en
I bet it'd be fun to win the World Series,2015-11-02 05:35:35,38,7,en
[someone puts in countless hours creating a work of art clearly not intended for me] this sucks,2015-11-01 22:02:43,92,22,en
"Hell yes, a thing reimagined as a different thing... Definitely clicking on this",2015-10-31 21:33:03,45,8,en
I think every part of Halloween should go away except for dogs costumed as different animals,2015-10-31 20:48:48,46,6,en
I can't tell how old any adult is,2015-10-30 23:19:53,19,3,en
I really wanna try one of those escape the room things. I'm looking for a new way to frustrate &amp; disappoint my friends,2015-10-30 02:04:30,38,5,en
Hot cross buns is a dope song,2015-10-29 20:05:23,25,2,en
At urgent care bc I dislocated my shoulder pumping my fist https://t.co/TeenxOgOCG,2015-10-28 00:08:13,54,6,en
[is a huge failure] I'm ahead of my time,2015-10-26 18:01:51,27,7,en
Been seeing a lot of jazz in New Orleans. My one note: match your horn &amp; body type. Like this huge clarinet dude should switch to sousaphone,2015-10-25 23:46:59,16,0,en
"A little on the nose, New Orleans https://t.co/7ZrtOkuzrs",2015-10-25 17:13:49,64,4,en
Love that hotel lifestyle. Love sipping cups of tap water from the bathroom sink,2015-10-25 16:22:39,72,3,en
"Night gathers, and now my watch begins. It shall not end until my death. I shall take no wife, hold no lands, and commit to NoFap",2015-10-24 19:31:02,21,0,en
Celebrities... They are my friends,2015-10-24 16:51:41,16,1,en
I spent ~10 minutes on bourbon street last night &amp; I can say w confidence it is the deepest pit of human despair,2015-10-24 16:21:40,28,2,en
Got a v important pitch meeting w paramount re: possibly writing the charmin asswipe bears movie,2015-10-23 21:49:15,47,2,en
Just saw a Batman on Hollywood Blvd jump from an alcove to scare some tourists &amp; I'm questioning his understanding of the Batman lore,2015-10-23 00:29:46,64,6,en
Stunning https://t.co/hHmU4j67Hi,2015-10-22 19:13:23,21,6,en
Most rewarding part of Twitter is following people who are friends w each other but not me so I can quietly observe their playful banter,2015-10-22 00:52:29,41,2,en
"Ok we get new emojis but how about making some cuts. We don't need this 3.5"" floppy disk shit üíæüëé",2015-10-21 22:39:03,24,0,en
Who even cares about any of this shit,2015-10-21 19:39:27,34,1,en
Podcast apps make me crave a real life 1.5x toggle for people's boring stories,2015-10-21 15:21:14,26,3,en
This one rings most false bc no one's ever been sad to see Heathcliff go. Ok I'm done. I'm truly sorry. Bye twitter https://t.co/7VF77DRCp5,2015-10-20 21:20:41,31,3,en
Jesus christ https://t.co/Rw6w0UKOM7,2015-10-20 21:18:15,29,5,da
"Ah, baseball. The crack of the bat, the smell of fresh cut grass, the incomprehensible cat based comic strips https://t.co/ovPG52yshC",2015-10-20 21:16:35,34,4,en
This isn't a joke. This isn't anything https://t.co/EniNXT2Kwy,2015-10-20 21:14:35,74,17,en
Fuck. You https://t.co/AQWg9QWD4A,2015-10-20 21:13:39,25,6,en
Fuck off https://t.co/McJjw1nF0Z,2015-10-20 21:12:57,37,10,en
Fuck you https://t.co/FmFoCGYETy,2015-10-20 21:11:22,48,12,en
"""Yes, I'm trying to reach the creator of Heathcliff? I'd just like to say, fuck you &amp; your legacy"" https://t.co/e9Av65pHu0",2015-10-20 21:09:01,55,17,en
Look I don't follow baseball but I'm certain this is complete horseshit https://t.co/fUlo7L6YrD,2015-10-20 21:06:05,58,16,en
Way to stare at the sun &amp; also not react proportionally dumbass https://t.co/quDGd6IGOj,2015-10-20 21:04:55,34,4,en
That you get high fived by cats? Also why are you strolling by your workplace in street clothes disphit https://t.co/pFPCVr6rmh,2015-10-20 20:59:55,48,8,en
"Urban dictionary 
&gt;""phoned it in""
to put in a half assed effort but still complete a task. See: https://t.co/NwbkVEEUlz",2015-10-20 20:56:54,36,5,en
"If your premise is ""What if a cat had a blimp?"" how many items would you list before ""bird wears Groucho glasses"" https://t.co/CMKZ6gi6Oo",2015-10-20 20:53:47,44,11,en
Heathcliff has vehicles like a batman who no one likes https://t.co/yeKvw7rXLQ,2015-10-20 20:51:31,27,4,en
Come on man https://t.co/AFA59bNaok,2015-10-20 20:45:57,28,6,en
"""Sir, great news! The long awaited Felix the Cat crossover got the green light""
""I have the PERFECT idea"" https://t.co/HwYl7mYCZz",2015-10-20 20:44:29,109,37,en
"Heathcliff's creative process:
1. Strip drawn
2. Second person forbidden from seeing it writes caption https://t.co/CS9qRzOqG4",2015-10-20 20:42:11,100,31,en
Heathcliff has a running thing w cannons &amp; also not making any sense https://t.co/4oiricf9fq,2015-10-20 20:39:07,39,5,en
Disgusting. No one needs to see this shit https://t.co/UePcwgDWFv,2015-10-20 20:37:47,29,1,en
What on earth https://t.co/GEEu6Q4ULd,2015-10-20 20:36:41,45,9,en
Heathcliff isn't about the action. It's about the random peripheral characters jokelessly commenting on the action https://t.co/rIhq8Ym5wx,2015-10-20 20:36:10,31,2,en
"Yes, if anything warrants comment here, it's whatever music this truck is playing https://t.co/Ox7OUjjG87",2015-10-20 20:34:59,34,5,en
"""Sir, does the box even need to be labeled?""
""Do I pay you to ask questions? https://t.co/LgKX9VgW8A",2015-10-20 20:33:27,27,4,en
Fuck it fine let's tear Heathcliff a new asshole https://t.co/JhVyneEfdl,2015-10-20 20:32:32,31,1,en
The only thing that keeps me going is the prospect of future meals,2015-10-20 20:10:42,31,11,en
"Biggest fraud in fiction is character development. In real life, people stubbornly stick with their bad opinions &amp; die wrong",2015-10-20 17:56:20,193,81,en
I have some very strong opinions on the Star Wars trailer after literally watching it on my phone in line for in n out drive thru,2015-10-20 02:17:16,43,2,en
"Saw a dude at Costco w shirt reading 
Logs, Guns, Fish. The other 2 I get but logs?",2015-10-20 01:40:29,13,0,en
"""Best man"" is a little much",2015-10-19 18:26:57,20,0,en
F*cking this http://t.co/S1eDRRobiV,2015-10-19 16:49:20,24,2,en
I'm proud of my good hygiene,2015-10-19 02:28:24,12,0,en
Wow http://t.co/jeuoek6ouk,2015-10-18 18:10:02,192,87,und
"A little bit of Daisy in my life
A little bit of Rosalina by my side
A little bit of Peach is all I need
A little bit of Birdo is what I see",2015-10-17 20:08:43,34,2,en
Well look who I just matched up with in Hearthstone cc: @doughboyspod @BDayBoysMitch http://t.co/gy57ez2aNL,2015-10-17 17:48:10,31,1,en
When I'm at a restaurant and my companion just wants water to drink. That's when I know I'm dining with a true pussy,2015-10-17 04:10:25,31,1,en
"Anytime I'm listening to a podcast &amp; my phone rings I'm as startled as if a dog had looked at me &amp; said ""hey buddy""",2015-10-17 00:23:03,19,0,en
My phone autocorrected moby dick to money dick &amp; now I wanna read that book,2015-10-16 17:30:29,21,3,en
Is a sketch even a sketch if someone isn't wearing an unnecessary shitty wig,2015-10-15 18:31:47,14,0,en
Another full day of looking at websites &amp; waiting to die,2015-10-15 01:50:54,133,43,en
Yo @venmo @Vimeo ur app icons are too similar. Figure it out http://t.co/BkyyvIgcxQ,2015-10-13 23:10:29,36,1,en
"If you say ""fap"" it would be cool if you died",2015-10-13 16:55:49,37,5,en
Should Hillary testify about email gate? We go now live to pursed lip Frankenstein in Steve Harvey's suit http://t.co/oKpaJMhimP,2015-10-13 00:19:23,84,20,en
If my apartment caught fire &amp; I had to flee I'd grab the sash &amp; scepter I won when I was crowned Mr Big Dick 2011,2015-10-12 23:18:01,21,0,en
"I'm legit interested in a poll of GOP likely voters asking which is the bigger problem, gun deaths or sagging pants",2015-10-12 19:51:12,22,3,en
What's the consensus on squirrels: adorable lil nut buddies? Or filth caked plague rodents?,2015-10-11 21:17:49,20,3,en
If you need help understanding why our political process is paralyzed observe how intractable both sides are over a baseball play,2015-10-11 05:28:57,16,3,en
No one should listen to me,2015-10-10 07:30:52,5,0,en
http://t.co/P7VVzMzc7r,2015-10-09 23:40:35,174,216,und
Carson's been pulling this shit for years http://t.co/QmpKrNNBHV,2015-10-09 20:32:07,181,108,en
üòÆ http://t.co/TxH4E6AMO2,2015-10-09 18:05:32,12,1,und
"James ""Jimmy"" Buffett (born 1946) is an American singer-songwriter[1], restaurateur[2], and pioneer of the genre known as ""swinger rock""[3]",2015-10-08 23:47:41,5,0,en
Gimme the biggest phone possible. Why not. I look at it more than the world,2015-10-08 18:29:36,23,6,en
I don't like anything,2015-10-08 05:47:10,32,4,en
BREAKING: Unfrozen 19th century prospector details harrowing ordeal http://t.co/9OtBDwiTnD,2015-10-07 20:39:18,34,8,en
Not the Onion gang! Faulty wiring blamed in train derailment that killed 11,2015-10-07 19:59:40,21,2,en
"I like when people say ""not the Onion!"" &amp; link to a story that shows they have no idea what actual Onion headlines are",2015-10-07 19:58:09,49,2,en
Instead of watching this video of my cable bill I think I'll do anything else http://t.co/5pdULfqV4J,2015-10-07 15:42:34,34,2,en
Don't kick my ass... I hate it,2015-10-07 05:02:17,26,2,en
"Asked a friend who Juicy J was. He said ""he's a rapper"". Cool thanks I assumed he was a scientist",2015-10-07 01:14:21,59,14,en
"Please welcome to the stage, a living composite of all reddit users http://t.co/Le0ggKB3er",2015-10-06 16:59:23,370,83,en
The constitution sucks,2015-10-05 21:22:12,17,3,en
Like being a cow allergic to grass. What hell skeeters life must be http://t.co/W61uhmahuA,2015-10-04 17:57:02,103,34,en
Thank you for joining the fight big dogs http://t.co/0GTZdNXxtN,2015-10-04 16:33:41,19,0,en
"Does America need stronger gun control legislation?
All voters - no 47% yes 53%
White Facebook uncles - no 93% Benghazi 7%",2015-10-03 17:29:50,23,1,en
Bart Simpson is a brat,2015-10-02 22:24:42,23,2,en
My new phone has seen more of the world in 3 days than I have my whole life http://t.co/eKfKD0SdxH,2015-10-02 19:25:53,19,0,en
"Walked by a dude facing a palm tree. He said ""Hey, help me buy breakfast. I'm urinating though."" Gave him $5, great pitch",2015-10-02 18:15:26,29,3,en
"Director on set photo options:
- Stooping to look through camera viewfinder
- Pointing into distance
- Staring at monitor w hand to chin",2015-10-01 21:55:52,22,3,en
This rules http://t.co/8qZgsJGud7,2015-10-01 00:59:45,38,5,en
The pope sucks now. Fuck the pope. I'm ready to lead the pope backlash #fuckyoupope,2015-09-30 15:14:10,31,2,en
"In the screenplay for ghostbusters slimer is called ""onion head"" &amp; his slime is described as ""green cum""",2015-09-30 01:23:49,30,1,en
[sees two friends expressing genuine mutual respect] Ugh get a room,2015-09-29 17:44:15,17,3,en
I've met most of the celebs,2015-09-29 00:01:26,14,0,en
[is getting murdered] this is wack,2015-09-28 23:03:17,36,8,en
I've done pretty well for a man w the work ethic of wimpy from popeye,2015-09-26 22:37:17,17,2,en
"My life is very exciting, I'm constantly charging something",2015-09-26 18:56:19,22,2,en
If toxic shock didn't already mean something it'd be a great name for a wrestling tag team or Iron Man villain,2015-09-25 00:25:55,32,9,en
Wtf Netflix spoilers much http://t.co/Vp8vBqHAkR,2015-09-22 20:30:10,42,7,en
"No one should've taught assholes the phrase ""haters gonna hate""",2015-09-22 17:28:11,19,3,en
I don't have what it takes,2015-09-19 05:21:55,25,1,en
"""I love you"" is a cool thing to say to your soulmate or every dog",2015-09-19 03:44:35,88,41,en
Why does Marco Rubio keep quoting the Star Wars prequels in speeches? http://t.co/ZTw8jXzzsi,2015-09-18 20:49:12,53,20,en
"If mcconaughey had an infidelity scandal you could do lincoln divorce lawyer, dallas liars club, etc, lots of fun to be had",2015-09-15 23:35:46,44,4,en
Should I photoshop waluigi into the vanity fair hosts pic... not sure what the take would be but it's something I could do I guess,2015-09-14 17:43:55,31,2,en
We've all seen this right http://t.co/bVHMXBqI4x,2015-09-11 18:29:41,108,41,en
"Top butler names
1. Jeeves
2. Jenkins

That's it. That's the full list",2015-09-11 17:49:49,38,6,en
"Saw a dude wearing a shirt reading ""Brooklyn Internets"". Uhhh I got one word for ya pal... random!",2015-09-11 01:30:47,20,0,en
"I haven't had a phone in 4 days bc I accidentally took it in the pool and it's so liberating, I'm so in the moment. jk it fuckin sucks",2015-09-10 22:18:19,26,0,en
I've gotten a lot better about just closing tabs w long articles instead of lying to myself that I'll read them later,2015-09-10 00:42:24,27,4,en
Man... don't piss off trump http://t.co/jrwectsCdc,2015-09-09 20:42:31,61,26,en
http://t.co/piV04ZGeiz,2015-09-08 17:24:33,60,12,und
I still like that gotye song,2015-09-08 14:36:03,35,2,en
Coming to you live from divorced dad headquarters http://t.co/FYU1ZDdhvR,2015-09-07 20:31:36,3900,1863,en
"I know I'm in deep shit on a deadline when I get an email w subject line ""just checking in""",2015-09-07 18:08:34,28,4,en
I think the actor who plays Gunther on friends is a good actor,2015-09-07 06:34:56,55,6,en
"Lemme look through my drafts real quick... Hm, they're all too bad to tweet. I should hang onto em though",2015-09-07 04:30:17,28,3,en
You'd be hard pressed to find a dunk I disapprove of,2015-09-07 03:13:45,27,2,en
Today I met @MiahSaint. He is a good man who bought me sweet potato fries,2015-09-06 23:29:30,4,0,en
I like spending years getting hyped for something &amp; then after it comes out complaining about it for the rest of my life,2015-09-06 19:46:46,39,9,en
What if I just bought my dad a bunch of manga for his birthday,2015-09-04 05:46:50,43,4,en
Get a load of this little kiss ass http://t.co/7A3IQGOvEm,2015-09-03 21:35:48,38,6,en
Cherry tomatoes... fuck off,2015-09-03 19:55:43,22,0,en
Any good sites where I can see losers bicker about bullshit,2015-09-03 03:25:38,35,0,en
None of you are real @TheMuppets,2015-09-02 21:54:08,27,9,en
When you spy your waiter bringing out your food http://t.co/uWn5Qgvizn,2015-09-02 21:26:45,38,0,en
"Hi I'm a journalist. I wrote a news story about Kermit, the fake frog puppet, dating a fake pig puppet. It was published in a newspaper",2015-09-02 02:34:14,276,85,en
"I feel I deserve some credit for not just commenting on every dog photo ""thats a good dog""",2015-09-01 21:16:41,25,0,en
I've been telling myself to get my shit together for like a decade &amp; I still haven't done it,2015-08-31 23:00:52,21,5,en
Ugh people in the middle ages were so filthy &amp; unhygienic. Anyway I'm gonna use this device I read on the toilet to photograph my meal,2015-08-30 19:21:20,163,46,en
"The tagline for Snipes' NBC show is the C- version of ""always bet on black"" http://t.co/eM4OrEcdws",2015-08-27 19:58:49,14,1,en
Going to bed is wack,2015-08-27 06:34:50,29,1,en
Mocktails... Pathetic,2015-08-27 02:59:59,5,2,en
I used to play basketball but I quit bc slam dunking was too fuckin easy,2015-08-27 02:17:28,30,1,en
Yeah right you fuckin liars http://t.co/ivgHC8r26y,2015-08-26 00:54:41,71,10,en
"Longtime subscriber to TrashCrate, each month they ship me a big box of loose garbage so I can participate in capitalism",2015-08-25 18:41:09,23,5,en
I'm ok w muppets but I don't like how the media pretends they're alive &amp; US citizens,2015-08-25 02:18:25,265,93,en
"Welcome to my 6K new followers who came for #TargetCoupleFight! Hope you like tweets about IPAs, Netflix, and Benghazi truth üòò",2015-08-24 22:39:55,13,1,en
I'm still unclear on what DJs do,2015-08-24 22:09:10,61,9,en
"There's a specific reality show music cue I really like that I'd title ""here comes the goofball""",2015-08-24 15:29:33,33,3,en
What the FUCK does any of this have to do with minion Bob (h/t @EvanSusser) http://t.co/3O0jnOoOvn,2015-08-24 02:36:50,37,1,en
"Yes our beautiful new baby boy happens to weigh 6 lbs 9 oz, please stop commenting ""nice""",2015-08-23 17:09:12,85,8,en
I think I'll spend some $$$ to promote my tweets. After all when I see one I'm annoyed &amp; ignore it,2015-08-23 03:51:40,13,0,en
"Van drove by. Painted on side: ""the cobra snake: as seen on the cobra shop"". Sticker on rear window: ""proud of my Eagle Scout"". Quite a life",2015-08-21 02:54:08,12,3,en
http://t.co/dlJ2hLGUhl,2015-08-20 19:41:56,31,15,und
http://t.co/O3MNcJ5YIx,2015-08-20 19:40:52,34,15,und
When a verified favs your tweet http://t.co/2CsAeDSVQf,2015-08-20 17:40:15,34,1,en
How long was I in that coma http://t.co/zM1EmG3J4G,2015-08-19 03:16:36,496,250,en
I think I've met enough people,2015-08-19 00:45:18,58,6,en
You do realize you can buy an air conditioner,2015-08-18 23:04:17,15,1,en
Hope everybody had a fun day online,2015-08-18 02:37:14,22,3,en
"I like how with body functions the verb &amp; noun are the same: you piss piss, puke puke, cum cum, etc. Anyway are you folks ready to order or",2015-08-17 23:22:13,210,40,en
Man what is up with Jeb's online store http://t.co/DIDvxNcv3X,2015-08-17 20:23:50,189,58,en
"I was on one of my fav podcasts, Jordan Jesse Go, w @thatRamosgirl &amp; @Jordan_Morris. Listen here or wherever: http://t.co/r3GMgs7lZ2 #JJGO",2015-08-17 18:05:08,7,2,en
"Wow... first CAA, now this http://t.co/qObPDZAgZN",2015-08-16 21:57:45,49,4,en
Ugh why do I only like fattening drugs,2015-08-16 06:20:35,32,3,en
Tired of consuming your food in small disconnected bites throughout the day? Introducing Meals‚Ñ¢,2015-08-14 23:05:05,27,0,en
"""to have the highest waisted pants of any candidate"" http://t.co/wDmSZDKp64",2015-08-14 00:03:42,119,34,en
"Where's the candidate who will represent me, a guy who once jacked it to Parasite Eve",2015-08-13 23:29:44,40,3,en
"Sesame Street moving to HBO. What's next... [thinks for 30 seconds] Dora the explorer, moving to... [thinks for a full minute] Starz",2015-08-13 17:14:04,120,23,en
Burn in hell http://t.co/r7PvWDU7uD,2015-08-12 23:12:09,56,5,en
"Sir, do you know why I pulled you over? I wanted to inform you that your bumper sticker rules http://t.co/E5d4uZYjCb",2015-08-12 20:31:12,12,1,en
"Wow, 14 million of you watched my vlog about my wife's brutal murder. Incredible! God is love",2015-08-12 15:23:31,85,5,en
I love Bernie Sanders but I don't think you can win the electoral college looking like the eHarmony guy just napped on a bus,2015-08-12 03:43:54,179,51,en
"""Should we maybe try a Rushmore pun? I dunno, Mount Lie More?""
""We're going with Mount Stupid"" http://t.co/uYMP0Snm80",2015-08-12 03:01:33,23,0,en
Every oath keeper looks like the uncle you hope doesn't show up at thanksgiving,2015-08-11 23:54:20,16,0,en
Why be an oath keeper. If you're a retired white guy w/ lots of free time just restore a classic car or something,2015-08-11 15:42:29,12,1,en
"Sorry boss I'm gonna need some more time on that, got busy with a group text about whether pizza is a ""snack""",2015-08-10 21:19:59,19,1,en
"My mom called her DVR ""the divver"" &amp; I didn't correct her bc I think she's right",2015-08-09 22:49:40,34,2,en
"My sincere shark tank pitch would be a functional, stylish swim shirt for modest men",2015-08-09 02:06:30,47,10,en
My personal policy of not photographing strangers without permission was really tested by that nun with a bluetooth,2015-08-08 18:48:12,33,1,en
More like Fantastic 4.0 bc that's what its GPA would be at Bad Movie University,2015-08-07 22:34:35,96,15,en
Love that new viral of the guy secretly stealing his wife's piss,2015-08-07 19:58:09,9,0,en
Fox news not pulling any punches http://t.co/GdpvmV035E,2015-08-06 21:42:20,29,12,en
"Let's just face it, some dogs are wack",2015-08-06 21:18:17,11,1,en
Wedding Crashers (2005) - Two horndogs defraud countless women in an effort to cum as much as possible,2015-08-06 02:59:48,50,5,en
Thanks to this I was the talk of my pickup game http://t.co/oaJukMdWyX,2015-08-05 23:34:56,22,4,en
"Trader Joes cashier told me my minions shirt was ""tight"", said he liked bee-do, then asked if Sean (?) dies in the movie",2015-08-05 05:18:24,41,0,en
Take a drink every time someone says Benghazi during the GOP debate if you would like to die,2015-08-05 03:41:34,10,3,en
Yesterday @MattMira told me Bosch is the Lincoln Lawyer's half brother &amp; I've thought about little else since,2015-08-05 03:12:24,12,3,en
Nice... Maybe I'll see this movie after all http://t.co/DH0q7bXLHI,2015-08-04 22:27:30,10,0,en
"I don't approve of the word ""awesome"" being used to describe anything that's not Mission Impossible 5",2015-08-04 21:11:16,9,1,en
When will it be my turn to be a pariah,2015-08-04 00:53:45,7,1,en
"I tweet a lot of ""jokes"" on here that are ""bad"". But you know what's not a joke or bad? Mission Impossible Rogue Nation. It's fuckin awesome",2015-08-03 15:38:12,14,0,en
I'd like an update on the actress who played lady Jerry on Seinfeld,2015-08-03 03:34:26,31,3,en
Nothing more humiliating than getting caught trying,2015-08-02 19:29:57,16,7,en
I'm ready baby http://t.co/74743xZfj2,2015-08-01 23:20:42,23,0,en
I just ate a full size Cobb salad so nutritionally speaking I swallowed a coffee mug of blue cheese dressing,2015-08-01 22:41:59,17,1,en
"Hollywood Presents
Four Men
and
One Woman
in
A Movie",2015-07-31 21:50:42,52,3,en
"It's important others know I enjoy eating meals, but not as much as doing the nasty http://t.co/Rhm4H4dbDW",2015-07-31 19:10:37,34,5,en
More red meat for the tea party http://t.co/obMH6YoyDg,2015-07-30 21:51:43,534,207,en
One problem I currently have in my life is the Disney food Instagram I follow focuses too much on Epcot,2015-07-29 23:17:50,16,1,en
I'll say one thing about Cecil the lion: I had definitely heard of him before today,2015-07-28 22:25:56,135,21,en
Hey are you the guy who killed the lion http://t.co/TFHTEUyjrA,2015-07-28 21:55:49,18,1,en
"""What if when it was hot outside, there was a place you could go that was even hotter?"" -inventor of the apartment",2015-07-28 18:11:44,43,13,en
I know at some point I'm gonna spill a drink everywhere &amp; I'm just not looking forward to it,2015-07-27 22:15:00,21,1,en
"""Mehhhhhh can I get a to go box please"" -weak loser who couldn't even finish the meal he ordered. Fucking pathetic",2015-07-27 19:24:28,34,3,en
I mean it's already my son's birthday but sure http://t.co/tmRgpvqJD7,2015-07-27 00:06:33,35,5,en
"[agonizes over the precise wording of a joke for close to 20 minutes]

1 retweet 6 favorites",2015-07-26 19:15:47,170,21,en
"The early inventors don't get enough credit. Like whoever came up with the door, the plate, the chair, etc... they fuckin killed it",2015-07-26 03:46:22,36,5,en
"Friends S7:E1 - The One With Monica's Thunder

Goofs:
When he turns to Joey, Chandler doesn't pause Crash Team Racing http://t.co/E8xivArqid",2015-07-25 03:09:36,68,27,en
#FF @DonaldTrumpsHat @trumphat @Trumps_Hat @TrumpsHat @Donaldhattrump @trump_hat,2015-07-24 22:16:10,14,4,und
I want to disable the phone function on my phone,2015-07-24 19:59:17,19,3,en
It's weird I can type something in this box that will destroy my life,2015-07-22 21:31:41,2774,1162,en
My current fav dog type is goldendoodle who looks like he'd be voiced by Matthew McConaughey,2015-07-22 03:40:04,22,1,en
18 Celebrities With Ugly Parents,2015-07-21 21:43:07,12,0,en
http://t.co/MU33ob1WMd,2015-07-21 19:41:24,32,4,und
I don't know what I'm more hyped for... The Man from Uncle or Ricki &amp; the Flash,2015-07-21 01:21:42,9,0,en
"Sharp cheddar too sharp, but mild cheddar too mild? Try medium cheddar",2015-07-20 22:47:01,12,1,en
I have detailed fantasies about people saying nice things about me when I'm not around,2015-07-19 02:21:50,100,22,en
When you look at @pattymo's timeline #FF http://t.co/FwZWVf59ue,2015-07-18 05:37:35,7,0,en
Just speaking for myself I like receiving compliments,2015-07-17 00:52:03,10,0,en
"Unspoken rule of business: if in a meeting there aren't enough chairs, the standing party must say ""it's fine, I've been sitting all day""",2015-07-16 23:12:26,28,4,en
About halfway through &amp; I'm not convinced Harper Lee wanted this book published http://t.co/WCy8TpDNiR,2015-07-15 17:11:47,1366,852,en
"Miles ""Tails"" Teller",2015-07-14 23:52:41,15,5,fr
"Some peoples' personality is best described as ""one star yelp reviewer""",2015-07-14 21:57:31,23,1,en
"When it comes to film, I prefer talkies",2015-07-14 04:28:58,13,1,en
[in bed bath &amp; beyond] This store is too hard,2015-07-14 01:47:16,26,1,en
The horror http://t.co/FjpeXzTJQ6,2015-07-12 20:26:57,12,3,en
When your battery's at 69% http://t.co/scAIVDUwoo,2015-07-12 03:20:36,44,6,en
"Rap? More like crap. Rock? What a crock. Techno? Heck, no. Bluegrass? I think it's brown ass. Jazz? I call it jizz. Opera? Please stop-era",2015-07-11 21:16:20,53,8,en
These Taz mudflaps will inform other motorists I'm a fan of Taz,2015-07-10 21:51:03,36,0,en
"If you're at #SDCC, come to room 6B at 4:30. I'm moderating the Coach reboot panel with Craig T Nelson and Dauber himself Bill Fagerbakke!",2015-07-10 17:21:26,16,0,en
Hm someone disliked a movie I liked. That's a good reason to become enraged,2015-07-10 04:09:32,29,3,en
What's up with these cum PSAs airing on like every commercial break? Who's funding Citizens for Cum?,2015-07-08 04:47:40,15,0,en
"I like when you click an article &amp; it's like ""The Des Moines Register has an app! Download it now?"" Oh yeah lemme download that bullshit",2015-07-07 04:39:12,43,3,en
Jesus why does there have to be a minions backlash. Just enjoy all the minions,2015-07-07 01:22:11,59,6,en
I'm a top free agent in the NBA... The Nice Boys Association üòä,2015-07-06 18:22:26,31,4,en
I'm developing a Laura Dern/Laura Linney TNT pilot called Capable Lauras,2015-07-04 19:52:38,36,4,en
"On July 4 when I was 8 I got so hyped watching fireworks that I said ""holy shit"" &amp; the night ended with my mom apologizing to my friends mom",2015-07-04 18:59:46,84,11,en
I have an intense brand loyalty to Kirkland Signature,2015-07-04 03:37:39,26,2,en
"""Wiger would you characterize your interest level in the Minions movie as 'very high'?""
""Yes I would, those are the words I would use""",2015-07-04 02:16:56,24,1,en
How about emoji on custom license plates. That's a new thing that could happen that people would have opinions on,2015-07-03 22:05:06,21,4,en
http://t.co/j8g4L8GDDp,2015-07-03 20:59:27,8,0,und
I hope they keep making terminators &amp; I'm one day cast as the wide eyed hobo who sees a nude man emerge from an electrical storm,2015-07-03 01:06:30,26,2,en
Is there anyone who dislikes dunks cause that is an indefensible position,2015-06-30 23:43:10,12,2,en
A cool reason to ruin someone is bc they are not perfect,2015-06-30 21:00:37,26,2,en
"""Count Chocula""
Haha! Great
""Boo Berry""
Heh. Nice
""Yummy Mummy""
Ok sure
""Franken Berry""
Oh. Another berry one
""Fruit Brute""
Ugh Jesus",2015-06-29 22:25:30,62,20,en
As soon as the plane lands I pop up &amp; yank my bag from the overhead so I can stand in the aisle like an asshole for 10 minutes,2015-06-29 02:46:28,43,9,en
Throwing my worthless son out of the house bc his yearbook quote didnt go viral,2015-06-29 01:48:41,44,6,en
Fine I'll be the one to say it. Hot coffee is too hot,2015-06-28 19:02:47,33,4,en
Fuck the dyson airblade,2015-06-27 18:37:14,23,0,en
This is not why I follow the man hunks account  https://t.co/886yv8rFGo,2015-06-26 21:24:38,11,0,en
New header http://t.co/EMMt2ZNDkT,2015-06-25 23:46:54,12,2,en
Gotta admit I'm surprised by his campaign slogan http://t.co/NWPMqrG5bQ,2015-06-25 02:53:44,56,8,en
"The dog nose cam is patented by beggin strips, otherwise you'd see it in every feature film",2015-06-24 23:19:42,22,1,en
When someone retweets a tweet you were mentioned in http://t.co/CAEWzoYqMU,2015-06-23 22:58:51,37,1,en
"First invented as a comedy prop, the pie later became a popular dessert",2015-06-23 02:46:03,42,8,en
Imagine having this pic back when everyone was playing #TrueDetectiveSeason2. Imagine the favs http://t.co/SqoGsrcWO6,2015-06-19 21:25:35,101,13,en
GOP field's getting crowded http://t.co/sMkGSklPGX,2015-06-17 17:37:15,1509,1174,en
This is NOT canon http://t.co/Nao598baSq,2015-06-15 18:09:52,11,2,en
I like when a restaurant says they have a cocktail program like you can earn your associates degree there,2015-06-14 20:23:24,17,0,en
"Huh, Jeb left his last name off his campaign logo. Must just be an oversight http://t.co/XEyFGIYmYC",2015-06-14 17:33:58,45,8,en
"First date tip: impress your mate by wearing a t-shirt awarded for winning a food challenge, eg ""I conquered the big bastard burrito""",2015-06-13 18:04:06,31,10,en
"Ugh cant believe big bang theory keeps doing that hacky bazinga shit. Well, off to fav the 40,000th iteration of the updog joke",2015-06-13 00:06:41,28,1,en
"One perk of being a dentist is you can do the ""oral stranger"" where you numb your mouth w/ novocaine &amp; suck your own dick",2015-06-11 21:56:37,40,2,en
When you've got your finger on the pulse http://t.co/7TfdZaeh3w,2015-06-11 19:04:45,20,8,en
If one were to track my work computer usage it would appear my primary job responsibility is dicking around online,2015-06-08 17:13:39,15,1,en
"I just watched I, Frankenstein. Here's my review: the last line is ""I, Frankenstein""",2015-06-07 05:58:18,36,3,en
"Man why can't HBO make a standalone service

HBO: Here you go!

Uh, sorry what I meant was, I wanna complain but still torrent for free",2015-06-06 23:04:27,76,15,en
The Russ episode of Friends is indefensible,2015-06-06 04:35:13,22,2,en
When your reply all email kills the chain http://t.co/55XaixAWZU,2015-06-05 23:01:20,46,5,en
"Eh that's an ok joke, but it'd be way funnier if it was written on a bar's sidewalk chalkboard and posted to imgur",2015-06-04 23:36:08,23,3,en
"[GPS voice] In 600 feet, make an impossible left turn onto Weird Side Street",2015-06-04 21:51:18,17,1,en
Getting murdered seems less than ideal,2015-06-03 02:04:46,12,0,en
"Headed to Costco, anyone need paper towels, taquitos, a plasma TV, dockers slacks, a six flags season pass, or a $2500 bottle of bordeaux?",2015-06-02 23:25:31,38,2,en
"Vince Vaughn said something stupid? Damn now I can't enjoy his many, many good movies",2015-06-01 20:14:00,89,28,en
Entourage movie looks sick as hell http://t.co/mu8AnHjj2H,2015-06-01 00:33:37,20,3,en
Guys choice awards... Yes. F*ck yes. Finally us guys have our voices heard,2015-05-31 19:47:46,29,3,en
From what I can gather there's a country music awards show every other weekend,2015-05-31 04:16:43,31,5,en
"Thank god this ep of big bang theory began with a previously on, otherwise I'd be lost",2015-05-31 01:34:45,18,0,en
"Fine I'll say it: Hi &amp; Lois is bullshit. ""Hi"" isn't a name so the pun is baseless",2015-05-29 21:38:56,27,4,en
Man... I got one guy telling me to stick to jokes. And another guy telling me my jokes aren't funny,2015-05-28 21:13:45,13,0,en
Shout out to Timothy W. for writing a Yelp review of a strip club in verse http://t.co/UdbtldiEDk,2015-05-26 19:25:27,13,2,en
Please remember that Tiger Woods was obsessed with hentai http://t.co/vRxpMws9xr,2015-05-26 18:33:06,13,8,en
When you're the first in your party to arrive at the restaurant http://t.co/pZCDOaxIyb,2015-05-26 04:34:44,21,0,en
Dellavedova looks like the lead's fuck up brother in a heist movie,2015-05-25 02:14:41,22,1,en
Mama's boy isn't an insult if you truly love your mommy,2015-05-24 21:15:39,17,1,en
Always a little disappointed in bar rescue eps where the kitchen isn't filthy at the start. Show me them nasty ass kitchens!,2015-05-22 21:58:39,13,0,en
As a kid I was clueless about the sexual aspect of 69 &amp; just thought it was a cool number to say that made parents mad,2015-05-22 19:54:09,37,0,en
One clear advantage cartoon birds have over real birds is they can use their wing feathers as fingers whenever it suits them,2015-05-22 18:46:51,15,5,en
I came up with the Hillaryous bumper sticker. I stand to make $5.8M during the 2016 campaign,2015-05-21 19:28:25,7,0,en
"Me &amp; @BDayBoysMitch have a new chain restaurant review podcast: Doughboys! Episode 1 is Chili's with @evafay: 
http://t.co/a16HMAA6im",2015-05-21 17:51:32,11,9,en
"Love meta commercials about making commercials, great way to make a brand/celeb look like they're too cool to do a commercial",2015-05-21 16:51:41,11,1,en
I spend the majority of my waking hours reading articles I think are stupid,2015-05-21 00:39:03,15,2,en
If my nephew doesn't like the toy hovercraft I got him for his birthday I'll just die,2015-05-20 23:06:01,7,1,en
"Frankenstein (1931)
Bride of Frankenstein (1935)
Dracula Cucks Frankenstein (1937)",2015-05-20 15:59:35,14,0,de
I've been afraid of teenagers for my entire life,2015-05-19 23:45:01,66,15,en
"Thanks to the fellas at the @StarWarsMinute podcast for having me on to discuss minute 97 of Return of the Jedi:
http://t.co/ZIuWl3KUQr",2015-05-19 19:56:53,1,2,en
I consistently enjoy the backlash more than the actual thing,2015-05-19 19:23:11,12,1,en
I believe America's decline accelerated when we decided birthday was a flavor,2015-05-18 23:12:58,67,21,en
When you're having fun online http://t.co/CC384rEzst,2015-05-18 20:07:04,19,4,en
Why did you fav this @POTUS http://t.co/D24crYy3Iw,2015-05-18 18:44:24,21,3,en
"Hi I'm an adult man, 40% of my personality is being mad about Star Wars",2015-05-18 17:52:08,29,1,en
"Mad max, mad men... what's next, a third mad thing

http://t.co/iwAwZB0b8J",2015-05-17 22:51:28,43,12,en
http://t.co/qQIflKnc7j,2015-05-17 16:41:11,17,4,und
"People knock Alanis for Ironic but less explored is how some of the things OMC cites in How Bizarre aren't exactly ""bizarre""",2015-05-16 18:33:02,74,20,en
When your uncle learns photoshop http://t.co/lJf9f3LTbD,2015-05-16 01:26:48,184,67,en
Lately I've been entertaining the possibility that I might be a dumb idiot,2015-05-16 00:59:47,34,6,en
Cool http://t.co/spZyjayoZI,2015-05-15 18:31:41,30,3,en
"Coming to @FeralAudio: Doughboys, a podcast about chain restaurants, w/ me &amp; @BDayBoysMitch. Follow @doughboyspod! http://t.co/BZqPuN38VJ",2015-05-14 20:24:20,20,2,en
What the fuck is this http://t.co/PdrfgaHGAB,2015-05-14 17:30:27,66,4,en
Sounds like you're telling an anecdote. That's my cue to interrupt you &amp; try to guess the ending,2015-05-14 01:07:53,26,3,en
I'm really good at hiding when I'm seething,2015-05-13 20:39:09,10,2,en
"Jesus I wasn't gonna smoke anyway, don't make me watch this nasty ass ad where a dude cleans his trachea hole",2015-05-12 21:20:06,15,2,en
Hey man sorry but I'm running pretty late. Bar Rescue is on Amazon prime,2015-05-12 19:11:28,16,3,en
I think I hate content,2015-05-11 22:19:41,108,11,en
Want a preview of what the world will be like after you die? Leave a job &amp; visit a few months later &amp; note how everything's going fine,2015-05-11 21:01:39,59,8,en
"My dream role is a disappointed customer on a restaurant rescue show who gets to say like ""I've been waiting for my duck for over an hour""",2015-05-11 06:51:33,48,0,en
Before smartphones strangers would stop you on the street to ask what time it was &amp; photographing your dog wasn't a potential income source,2015-05-11 05:16:14,22,0,en
If I got surveyed for one of those most admired man in America lists I would say Jon Taffer &amp; mean it,2015-05-09 17:23:03,7,2,en
Ours is an age of rising income inequality &amp; eroding civil liberties but let's have a new hamburglar dominate the news cycle for a full week,2015-05-09 15:23:01,34,4,en
"Ok here's my pitch: ""Netflix edits"" of reality shows that remove the coming ups &amp; recaps before &amp; after commercial breaks",2015-05-08 03:34:10,15,2,en
Imagine auditioning for one of the Sonic guys in like 2007 &amp; not getting it &amp; constantly being reminded of the windfall you missed out on,2015-05-07 23:35:29,21,0,en
The original title for Hot Pursuit was This Again,2015-05-07 20:53:40,40,4,en
Forget your gift? http://t.co/VuV23xiIDW,2015-05-07 16:48:02,13,0,en
These suicide squad pics keep getting worse http://t.co/U2hP57shrU,2015-05-06 18:48:07,68,12,en
There's been a lot of talk about Huckabee's large sons. But did you know how large they really are? http://t.co/U90GbLlBk1,2015-05-06 00:44:23,77,20,en
"Big diff between movies/TV &amp; life: people walk up to conversations &amp; join in stride instead of asking ""what are you guys talking about""",2015-05-05 22:01:06,15,2,en
I blew my big interview http://t.co/jcX51eH076,2015-05-05 18:55:28,5,1,en
When you see the N for nudity before Game of Thrones http://t.co/QYfn7n0OlZ,2015-05-04 03:51:46,51,11,en
"I once took a bartending class &amp; the teacher demo'd a drink called a ""cowboy dick licker"". I later googled it. Not a drink. Not anything",2015-05-04 00:30:05,47,2,en
How long do I have to actually do something before I can crowdfund a documentary about it,2015-05-03 19:11:14,26,1,en
What a game. What a series. Jesus,2015-05-03 02:45:23,10,0,en
Pacquiao boxing a giant sentient peanut butter cup would be the real fight of the century http://t.co/UsoYiwahQa,2015-05-02 21:13:55,102,35,en
It's weird how Eddie Murphy played every Klump except the kid. Like that's where they drew the line re: suspension of disbelief,2015-05-01 21:57:34,45,6,en
http://t.co/m4YSlcCj82,2015-04-30 01:29:32,24,5,und
At work there are 2 identical 1-person restrooms &amp; if the men's is occupied I'll use the women's &amp; I always feel like I'm committing a crime,2015-04-30 01:15:16,11,0,en
Saw a nurse wearing black scrubs. Not gonna fuck with her,2015-04-29 18:17:27,21,0,en
Trump is a disgrace http://t.co/XM2lwznFx9,2015-04-28 21:15:27,1156,771,en
Now's when garbage parody accounts shift from stealing jokes to posting solemn Gandhi quotes,2015-04-28 16:56:59,42,5,en
Only a matter of time before the TSA seizes a buster sword http://t.co/CqyOxOHEXe,2015-04-28 16:04:39,7,0,en
Game of thrones is risking alienating its nerd fanbase by killing off that fat bald crybaby,2015-04-27 18:17:08,25,0,en
"""Jacking off"" was named after a man named Jack, who, legend has it, loved to jack off",2015-04-27 00:10:39,61,16,en
When did this become hotter than this http://t.co/PssSO5NN0K,2015-04-25 01:28:09,51,17,en
Who will be the first fuckin nerd to get a Damaged forehead tattoo,2015-04-25 01:20:06,26,5,en
"Always felt like what the Joker needed was Nelly's grill, the POD guitarist's tattoos, &amp; a Syracuse class ring http://t.co/J22cWm8UP4",2015-04-25 01:06:41,41,9,en
So @neilerdude just told me Maester Pycelle is the same actor as General Veers from Empire Strikes Back &amp; wow buddy http://t.co/VLFZc1oLIk,2015-04-24 18:17:54,40,25,en
"We can go ahead &amp; downgrade that to ""definitely not"" http://t.co/9aGu2LVqSU",2015-04-23 20:33:11,22,2,en
"If someone is looking at you a good thing to say is ""what the fuck are you looking at""",2015-04-23 19:18:24,21,2,en
Why don't we start the meeting by having everyone introduce themselves. We've got a half hour to kill,2015-04-21 21:21:03,13,2,en
http://t.co/SUx1bRb0yT,2015-04-21 01:12:00,41,13,und
Friends' weddings are cool b/c you're assigned a job based on which tier you fall into in their personal relationship hierarchy,2015-04-20 22:49:21,36,1,en
Small thing that pisses me off: when someone has like 9 bridesmaids or 2 best men or whatever. Make the hard cuts,2015-04-20 21:44:18,40,1,en
http://t.co/akIheEvcbk,2015-04-20 20:44:44,11,1,und
I'm not into that chronic the hemphog shit. I think it's disrespectful,2015-04-20 16:42:27,24,4,en
Can't argue with simple logic http://t.co/W8h7a9Tg7i,2015-04-20 15:00:07,17,6,en
#RecordStoreDay http://t.co/zVG98gTNsO,2015-04-18 18:47:28,14,2,und
Gotta love the stakes in this Washington vs Toronto series... The capital of the US vs the capital of Canada,2015-04-18 17:03:36,6,0,en
"Wow Paul Blart 2 is at 0%? I expected more from the director of She's the Man, Parental Guidance, and Race to Witch Mountain",2015-04-17 22:27:57,30,6,en
Lol at these suckers going out for lunch. I'm saving $4 by bringing a shitty grocery store salad from home &amp; eating it alone at my desk,2015-04-17 20:32:57,25,3,en
Ugh when did ziggy get so fucking political http://t.co/yutBioyfCY,2015-04-17 00:11:23,24,4,en
"I like Instagram, the app that tells me which of my friends are rich",2015-04-16 22:31:34,115,31,en
When you've been burned too many times by down low too slow http://t.co/M4iQmH9Jkk,2015-04-16 18:57:41,293,127,en
Overall an awesome trailer but this scene took me out of it http://t.co/smYzAiwu5u,2015-04-16 18:46:50,37,6,en
It's opening night for the Duck Dynasty musical in Vegas if you're looking for a place to meet a Vice contributor,2015-04-16 01:56:02,70,12,en
How about a movie called Cheat Day. All I have is the title so far. Oh wow someone just handed me $600K,2015-04-15 22:26:14,105,5,en
"I want someone to make a ""who muted you"" app. I want to watch it all burn",2015-04-14 18:54:39,199,43,en
When you go to follow someone &amp; see they already follow you http://t.co/CpeQACnpK0,2015-04-14 16:59:51,25,4,en
"Make fun of fanfic all you want, but at least we know what would happen if Chief Wiggum was cucked by Ganondorf",2015-04-14 03:17:45,18,3,en
"Hey so @AllieGoertz &amp; @juliaprescott let me discuss Treehouse of Horror V on @simpsonspod 
https://t.co/LaAO2uOd9I
http://t.co/46Sb9VxXOq",2015-04-13 20:13:16,15,1,en
That's why he's the logo http://t.co/D7mEXCtRHJ,2015-04-13 06:02:30,24,9,en
Definitely the strangest entry in the Die Hard franchise http://t.co/K94OE4Ehx6,2015-04-13 02:12:09,14,0,en
Now that's an ending http://t.co/5Dop7pPThQ,2015-04-11 20:06:45,26,2,en
I'm certain I could go through life claiming to have played Stifler's cousin in an American Pie Presents movie &amp; no one would call bullshit,2015-04-11 19:48:19,29,5,en
Twitter: It Sucks &amp; You Shouldn't Use It‚Ñ¢,2015-04-11 17:48:39,15,2,en
We finally did it. We made every possible TV show http://t.co/vlqMd34FUh,2015-04-11 04:37:56,186,113,en
Another remake? Ugh Hollywood how about some new ideas. Like my script about a race car driving dog,2015-04-09 00:09:49,13,2,en
"When successful people give advice they're always like ""work harder than everyone else"" &amp; I'm like ok but what if I don't wanna do that",2015-04-08 19:22:01,94,31,en
"Ladybugs, grasshoppers, daddy long legs... a lot of bugs sound like they were named by a third grade class vote",2015-04-08 00:36:27,19,3,en
He's got my vote http://t.co/gzWmrKP4bi,2015-04-08 00:02:27,16,4,en
My advice for male actors is either be a gorgeous hunk or grow some sort of specifically fucked up facial hair,2015-04-07 22:12:29,15,2,en
When you're reading a think piece http://t.co/aP0324KfVI,2015-04-07 00:11:18,46,6,en
"Most stressful life events
- Divorce
- Death of a family member
- Receiving a ""did you see my email?"" text",2015-04-06 22:06:26,41,3,en
The hardest part of being a Benihana chef is resisting the dangerous temptation to plop your dick on the teppanyaki grill,2015-04-06 20:09:41,26,3,en
"Here's a poker game where a dude w/ 4 aces loses to a royal flush &amp; also Ray Romano is there
https://t.co/rgUe0klKQb",2015-04-06 07:11:44,9,1,en
I think I'm handsome,2015-04-06 06:02:12,22,1,en
When Walgreens is out of Cadbury eggs http://t.co/2j7NzA6wks,2015-04-05 19:13:33,27,3,en
"Remarkable. For the 18th consecutive day, #BlartRidesAgain is the top trending topic on twitter",2015-04-05 19:00:28,9,0,en
I hope someone says this about me someday http://t.co/LhtKFuzzfC,2015-04-04 20:08:49,10,1,en
If had Adam Levine's head of hair &amp; nothing else changed I'd make $30K more/year minimum,2015-04-03 21:15:20,24,0,en
When your tweet eats shit &amp; you quietly delete it http://t.co/fwAPeFQNyr,2015-04-03 04:22:13,31,2,en
Last time I ate peanut butter m&amp;ms I was watching lee daniels' the butler in the theater,2015-04-02 22:27:18,17,0,en
This is getting out of hand http://t.co/OSNSus1zel,2015-04-02 22:05:58,29,11,en
I'll see Blart 2 just to find out why Blart is wearing a UCLA sweatshirt http://t.co/JuKY7fJiSP,2015-04-02 04:36:33,29,2,en
I dont remember this episode http://t.co/RpeowI0vPN,2015-04-02 00:31:38,28,2,en
Good one newt http://t.co/KtgbiqDjVY,2015-04-01 06:04:06,156,71,en
This is good http://t.co/jGuasqqRFt,2015-03-31 20:10:50,16,2,en
Wherever you stand we can all agree that twitter is the correct thing to care a lot about,2015-03-31 19:04:59,19,4,en
2045: Senate fails to confirm Supreme Court nominee Austin Harris after revelation that 30 years ago his display name was Pussy Eater Wario,2015-03-31 16:18:24,44,23,en
In December a new Star Wars will come out &amp; it'll have a character named like Leokk &amp; people will be referencing Leokk until we all die,2015-03-31 05:54:11,38,3,en
"Viagra does not protect against sexually transmitted diseases. If you thought it did, you might be too stupid for sex",2015-03-30 23:23:00,25,1,en
This is def an unnecessary observation but I think its cool how smaller people have higher voices &amp; larger people have deeper voices?,2015-03-30 21:16:04,10,1,en
"Hi I'm an internet lunatic, here to occupy your time",2015-03-28 22:38:39,14,2,en
Ok just signed up for periscope. One question: what is periscope,2015-03-28 22:17:26,9,1,en
Something doesn't add up here http://t.co/zrfIT7BzDW,2015-03-27 23:44:18,201,42,en
It's trivially easy to hurt my feelings,2015-03-27 21:40:50,13,1,en
Byron Allen gets a standing O when he walks out on Comics Unleashed &amp; I feel like it's not totally organic,2015-03-27 08:43:47,14,1,en
When your old TV show randomly gets brought back http://t.co/SkR1vN7JlW,2015-03-27 01:05:02,16,1,en
This is like a funny or die April fools prank to spoof TV revivals http://t.co/UjlQ4wF4qY,2015-03-27 00:18:36,46,15,en
"Sickest IRL own I ever endured was when I wearing bright orange slacks &amp; dude yelled out ""turn the volume down on those pants!""",2015-03-26 23:45:17,22,1,en
"The kid losing it in front of his garbage men heroes is my fav internet thing of the year
http://t.co/YJXPUzU39X http://t.co/7kPZo12x5L",2015-03-26 18:52:00,34,8,en
I like how dudes who cheered Heisenberg executing rival drug lords are now watching a leisurely paced show about retirement home fraud,2015-03-26 18:02:01,32,11,en
Maybe your spoiled ass grandma http://t.co/UeciSemzWW,2015-03-25 21:13:56,27,3,en
In fiction people get fired for being 1 min late but in real life inept employees linger for years b/c no one wants to deal w/ firing them,2015-03-25 20:16:21,37,6,en
"I watch superhero movies for the escapism, like in Dark Knight Rises where Selina Kyle pursues a device that'll reset her credit score",2015-03-25 16:55:31,45,13,en
??? http://t.co/nkoOyWSPPb,2015-03-24 01:13:28,33,2,und
I want a Hoop Dreams length documentary on Mad and Cracked's total reversal of fortunes as they transitioned from print to digital,2015-03-23 20:56:01,16,1,en
"If a little kid isn't responding to an adult her parents will say ""she's shy"" but I kinda wish they'd say ""she doesn't like you""",2015-03-23 17:06:56,29,1,en
If you spell it Louis you can go by Lou. But if you spell it Lewis you can't go by Lew. Sorry that's how it works. Confront your parents,2015-03-23 02:47:40,38,6,en
Yo twiter I need 2 get somethin off my chest I been drinkin from the terlet,2015-03-21 21:03:20,29,8,en
"There's a weird micro genre of 70s folk rock songs about telling a woman to relax, like ""kick your shoes off Gina"" or ""Susie take a nap""",2015-03-21 01:19:44,39,10,en
Service dogs are like 100x more conscientious &amp; hardworking than me &amp; they don't even realize they have jobs,2015-03-20 23:30:15,52,12,en
A true golden age of television http://t.co/YtFIQsHtuX,2015-03-19 21:21:32,20,3,en
"""It's not TV, it's HBO"" ok fine but they aired 30 episodes of a show where the entire premise was that Thomas Jane had a big dick",2015-03-19 19:12:26,36,3,en
Never forget http://t.co/leXe2nZOGT,2015-03-19 00:29:29,84,29,en
Ok why is it called a 9 to 5. Did jobs used to be 7 hours or not have lunch breaks,2015-03-18 17:46:58,18,4,en
Might get my first tattoo http://t.co/9wmvjezc3H,2015-03-17 22:39:16,18,2,en
I for one don't understand the new trend of using an eyebrow pencil to draw on a longer butt crack,2015-03-17 16:24:00,120,30,en
Once at cold stone I ordered chocolate peanut butter &amp; the ice cream barista added peppermints by mistake. Most fucked up dessert of my life,2015-03-16 22:24:18,13,0,en
üé∂ Simply having a wonderful Christmas time üé∂,2015-03-16 21:19:46,9,0,en
Gonna be weird in 2000 years when the dominant religion worships like slender man or wario,2015-03-16 19:51:22,52,11,en
I hope to get more successful as a director so I can make a movie &amp; cast myself in a small role &amp; fucking ruin it,2015-03-14 21:38:23,53,6,en
I went to the school of hard knocks &amp; graduated from the university of life. Masters from common sense college. PhD from reality state,2015-03-13 23:05:31,14,2,en
"Another busy day commenting ""come to Ukraine"" on random women's Instagrams",2015-03-13 18:08:48,70,10,en
#FF the TSA on Instagram http://t.co/hutXoEuxYa,2015-03-13 17:34:36,12,1,en
Do you have the wet hacking cough of a dying civil war soldier? Public transportation might be for you,2015-03-13 02:58:55,47,4,en
"Must be weird to be famous &amp; go to a random website &amp; see your face as the thumbnail for ""22 celebs who have deadly allergies""",2015-03-13 00:17:01,190,40,en
Love when a treadmill/fitness app says you burned hundreds of calories &amp; then you find out it equals half a tangerine or six almonds,2015-03-12 02:02:36,40,12,en
Today's crass comedies have too many jokes about cum &amp; not enough about being lifted off the ground by the scent of a fresh baked pie,2015-03-11 23:56:54,59,6,en
"Old man on the bus keeps yelling ""I don't give a fuck!"" but paradoxically, his tone indicates that he cares intensely",2015-03-11 03:06:45,131,50,en
Kirkland Signature Light Beer: Evaluate your life choices‚Ñ¢ http://t.co/M1FF6nlFIg,2015-03-10 22:53:03,55,26,en
TIL sonic the hedgehog is 15 üòê (h/t @VanRobichaux) http://t.co/fD6c0nPsg0,2015-03-10 01:07:42,12,0,en
"In 1896 a film of a train coming at the screen caused an audience to flee the theater. You see, back then, people were fucking idiots",2015-03-10 00:44:24,36,6,en
Always so hard to decide who to unfollow http://t.co/tb8P9Xbjml,2015-03-09 23:35:19,62,12,en
Whoops I forgot to actually listen to the podcast I was listening to,2015-03-07 04:10:03,51,7,en
Darryl Dawkins has the best bio on this website http://t.co/DJ72jpvWZB,2015-03-06 22:18:23,30,6,en
"It really is a golden age of TV. Property Brothers, Love It or List It, House Hunters, House Hunters International, so much good stuff",2015-03-06 02:17:35,64,11,en
What do office dogs think is going on,2015-03-05 01:56:33,287,103,en
The most stunning moment from Netanyahu's speech to congress http://t.co/h6mcgjOwJk,2015-03-05 00:25:36,189,77,en
Who says Hollywood's out of ideas http://t.co/Fh6BPNzBap,2015-03-03 21:33:40,202,71,en
In a movie when a guy holding a hose or mustard bottle or whatever sees a pretty lady &amp; shoots water/mustard/etc. Thats symbolism for cum,2015-03-03 19:59:55,59,5,en
Agreed http://t.co/JedgvAv0eY,2015-03-03 05:02:46,10,3,en
I read a really interesting article. Ok fine I read a highlighted paragraph in a screencap someone tweeted,2015-03-03 03:19:31,42,9,en
"Anyway that's all of them, this bit didn't go over that well but fuck it I guess",2015-03-03 01:47:24,16,0,en
Johnny again! Also I'd be in favor of imprisoning Mary just for being a teacher who goes by her first name http://t.co/JxeOEUw4xC,2015-03-03 01:45:41,13,3,en
This is some macgyver shit. Also is this the same Johnny who started the fight with Mark? Kid's a sociopath http://t.co/AWAKRn7vY6,2015-03-03 01:44:03,20,4,en
This one really spirals out of control http://t.co/TWjW9pmlRD,2015-03-03 01:42:27,16,3,en
"Those were the days, when you could share a bottle of aspirin w/ your principal out on the smoking dock http://t.co/xf3k3GQB5j",2015-03-03 01:40:51,25,5,en
"1. ""gives screams""
2. 2015 Billy's family has bigger problems here
3. Bet this writer was cucked by a psychologist http://t.co/rfdf6tFSyx",2015-03-03 01:38:30,20,3,en
"First he's ""given huge doses of Ritalin"" then tested for ADD afterward? Also is the school getting extra money bad? http://t.co/LxyACO8awK",2015-03-03 01:36:47,15,4,en
"1970 - pretty optimistic fistfight outcome
2015 - ""even though Johnny started it."" Did Mark write this? http://t.co/2pys6bOURC",2015-03-03 01:34:58,31,7,en
This slideshow has been circulating on conservative sites. I guess the good ol' days are now... 1970? http://t.co/clhNHxYcjl,2015-03-03 01:33:52,26,6,en
"Hm, a new Vince Vaughn movie. Bet it'll be good. He's on a real hot streak lately",2015-03-02 18:23:54,51,21,en
Worst mafia nickname http://t.co/KWsgfpXcxw,2015-03-01 21:13:44,48,6,de
"üé∂ I've got another confession to make

I'm Apu üé∂ http://t.co/xEPsqcNWzy",2015-03-01 19:43:55,17,0,en
First time I saw Deliverance was the TV edit. With all the cuts the squeal like a pig scene just seemed like they were teasing Ned Beatty,2015-02-28 22:49:32,13,0,en
When your @ reply goes unfaved http://t.co/KaPdfGPc1P,2015-02-28 22:01:09,42,4,en
We all look like such fucking idiots putting food in our stupid mouths,2015-02-28 00:35:46,25,3,en
Big fan of dogs with their own Instagrams but it is pretty fucking brazen to write the captions in first person,2015-02-27 19:37:25,23,2,en
The only actual men's rights issue is men's rooms that don't have urinal dividers,2015-02-27 09:25:08,40,5,en
"Why all the debate, it's clearly pink &amp; green http://t.co/m9OvjfJWt1",2015-02-27 01:32:12,40,7,en
"So what'll it be tomorrow, twitter? I'm gonna guess a clown's mugshot #ClownMugshot",2015-02-26 23:15:26,19,0,en
"New @WildHorsesShow video! Starring @StephAllynne @mholland85 @laurenlapkus @girlwithatail directed &amp; edited by me:
http://t.co/HFPVyRmuVq",2015-02-26 00:22:10,42,16,en
No meal is as quietly demeaning as a desk salad,2015-02-25 23:52:32,123,31,en
"""Jack of all trades, master of none"" should be updated to ""pan Asian restaurant""",2015-02-25 02:40:28,19,2,en
We have figured out how to destroy ISIS w/ sick owns http://t.co/FSmdYTFkHE,2015-02-25 01:46:04,64,13,en
Dumbstruck. RIP Harris,2015-02-20 01:13:23,30,1,en
I get this guy üò• but why also this blue forehead motherfucker üò∞,2015-02-19 02:57:31,18,3,en
The Bush brothers are like if both Belushis were Jim,2015-02-18 21:53:23,33,10,en
I have one note: either add 6 curries or subtract 240 curries http://t.co/1e1wjRPzTQ,2015-02-18 00:21:00,59,8,en
Found it distracting in 50 Shades how every time he squeezed her titty they played an old timey car horn,2015-02-17 21:10:34,142,36,en
One tangible way we show respect for our elders is by giving the loudest ovation when they show up on the kiss cam,2015-02-16 21:39:52,34,5,en
Like what even is this show http://t.co/ljQepXbJWA,2015-02-16 19:22:26,1710,715,en
"I just learned of Sanrio's salmon character &amp; parsing the logic of a sentient, limbed salmon filet wounded my brain http://t.co/ODgAtW1iCt",2015-02-15 23:29:57,11,2,en
I'm fed up w/ brands http://t.co/gzkjwHwZG4,2015-02-14 20:04:49,30,4,en
Branded content... hell yeah,2015-02-14 01:38:08,22,1,en
#50ShadesOfGrey http://t.co/2pGoifrQ54,2015-02-13 20:53:43,18,0,und
#TheSlap http://t.co/hwJ3Ug6KHz,2015-02-13 02:15:36,43,3,und
Remarkably direct marketing campaign by NBC http://t.co/xpdwiKxRBy,2015-02-12 23:08:51,55,12,en
http://t.co/GH5pZfdoFO,2015-02-12 22:08:59,14,1,und
Just speaking for myself I prefer good dogs to bad dogs,2015-02-12 19:40:42,22,1,en
"[lifts shirt to show six pack]
I snuck in some pepsi",2015-02-12 01:35:30,21,2,en
When someone favs your retweet http://t.co/i3PFxoipWh,2015-02-11 22:16:00,149,23,en
"I wanna hear Hugh Grant say ""Wario""",2015-02-11 06:56:50,41,4,en
Fuck vinaigrettes,2015-02-10 23:48:37,16,1,en
The Sixers unveil their new mascot Tanklin http://t.co/eHngxz87yu,2015-02-10 19:59:05,5,0,en
A movie studio optioned my life story http://t.co/PLYFTypqfO,2015-02-10 05:38:17,40,6,en
"Security guard: What's up buddy
Me: How's it going
Security guard: You got it

This has been a conversion without listening",2015-02-10 03:15:38,38,3,en
"All right, Clem, let's see your response... ""What is a bagina?"" I'm sorry, that is incorrect. And your wager... ""Seriously please tell me""",2015-02-10 01:31:18,9,2,en
I look like shit &amp; I'm also stupid,2015-02-09 18:10:28,16,4,en
Yes... F*ck yes... [cracks screen clicking follow] http://t.co/OgIZ61LLE9,2015-02-07 22:06:11,40,2,en
[texts you at 3am] donny osmond played shang's singing voice in mulan,2015-02-07 18:26:19,39,6,en
"Me too, so I'll call it here. Thank you &amp; I am sorry http://t.co/sSCSlSxL02",2015-02-06 21:05:40,40,4,en
And this one... dated 1-14. He's repeating (non) jokes within the same week http://t.co/Kp0EpiIG2R,2015-02-06 21:04:14,45,12,en
Ok check out this one... dated 1-8... http://t.co/6cfDbYQpsJ,2015-02-06 21:03:38,41,12,en
"""Ok, that's a good first pitch for a caption, but I think we can beat it""
The Heathcliff writers room sits in silence http://t.co/XZ3ADv54rt",2015-02-06 21:02:32,177,70,en
Wait so the joke of Heathcliff is that he's smart &amp; industrious? Jesus what is this comic http://t.co/P2OGlGCVp6,2015-02-06 21:00:20,52,12,en
Phoning it in was Heathcliff author George Gately's Christmas gift to himself http://t.co/VyTyqW9HT8,2015-02-06 20:58:28,48,12,en
Must be http://t.co/nFd3dmOXvf,2015-02-06 20:57:29,58,14,en
Heathcliff has a running thing with flags for some reason http://t.co/5o1xgjVwG8,2015-02-06 20:56:36,51,14,en
This one is perfect http://t.co/i5PfUtm3sm,2015-02-06 20:55:44,67,22,en
This could be the caption of every Heathcliff http://t.co/j1MViEW77J,2015-02-06 20:54:18,54,14,en
Sure http://t.co/QM2YsTmXj3,2015-02-06 20:53:36,90,30,en
"""Actually, sir, zombies eat brains""
""Well I already drew a mummy"" http://t.co/vy4W9KmaeT",2015-02-06 20:51:38,328,130,en
"""Uh, sir, do you want to rethink that acronym at all?""
""Do you want to get the fuck out of my office?"" http://t.co/XBHc6YHXi8",2015-02-06 20:50:00,428,154,en
This is a nightmare http://t.co/m9qhxFhgtN,2015-02-06 20:49:01,55,14,en
"""Jokes? Forget jokes. An odd drawing with a descriptive caption, that's my formula"" -Heathcliff author George Gately http://t.co/ekVvOlRli2",2015-02-06 20:48:23,61,23,en
What is this about http://t.co/Bk7gtGykcx,2015-02-06 20:46:26,242,97,en
Above all comedy should have a basis in truth http://t.co/cX5CmXRHdJ,2015-02-06 20:44:52,99,37,en
Like what is this a comment on http://t.co/s1UPf7kvxu,2015-02-06 20:43:31,116,44,en
I checked in w/ Heathcliff again &amp; it remains indefensible http://t.co/0WVFPwKjMV,2015-02-06 20:42:54,257,114,en
About fucking time http://t.co/CvAOMMRM4n,2015-02-05 20:23:57,120,36,en
This Brian Williams scandal has me reflecting on all the lies I've been living,2015-02-05 04:52:25,15,4,en
When you're strolling poolside in your job interview suit &amp; a babe walks by http://t.co/cFYfnOxDAA,2015-02-05 01:35:54,19,1,en
He outranks the General in the shitty mascot military http://t.co/R5eMHDLbas,2015-02-04 19:35:48,14,1,en
Doritos 1 McCarthy 0 http://t.co/FFSVWdhzff,2015-02-03 22:35:20,34,10,lt
This morning I remembered this insane joke that circulated at my elementary school http://t.co/XMGkO6sdaw,2015-02-03 19:04:18,40,6,en
So @DrewUnga has been tweeting a bunch of insane vintage sports posters &amp; I highly recommend checking out his TL,2015-02-01 07:10:36,2,1,en
"My two favorite letters, BN... Brief Nudity!!",2015-01-31 00:01:58,8,1,en
I fucked up when I joined twitter. I made my username my name instead of @urine_sonic &amp; my avi my face instead of a drawing of a corn muffin,2015-01-30 19:34:33,34,2,en
"""And gimme some of that lime yogurt.""
""That's guacamole. It's extra, is that ok?""
""How much extra? $500?"" http://t.co/xwgJcLlFDt",2015-01-30 02:08:57,1699,1110,en
"This is a good video. Kenneth Faried's dunk makes announcer fart via @NBA_Reddit:
https://t.co/v0dHskoRNW",2015-01-29 23:14:45,2,0,en
When someone posts a #tbt photo of you w/o your permission http://t.co/LPH4wJS8gc,2015-01-29 22:02:01,19,1,en
"[tweets something bad]
hm no one seemed to like that one",2015-01-29 01:22:17,49,5,en
lol way to keep your pants on genius http://t.co/uMQhkcWaMh,2015-01-28 23:11:37,22,7,en
"Not to name drop, but I just got off the phone with Mommy",2015-01-28 19:40:27,135,22,en
I eat so many wack salads,2015-01-28 02:17:24,38,4,en
"Hey, I noticed the 26.2 sticker on your car. That's my favorite number too",2015-01-28 00:25:12,23,5,en
"Wow, no shortage of huge casting news today http://t.co/BpKGX6UFqZ",2015-01-27 22:44:30,13,1,en
Wait what http://t.co/kK2PNxIz8p,2015-01-26 23:53:50,27,6,en
See the world through my eyes http://t.co/Mn7jVrg8jg,2015-01-26 22:29:55,51,14,en
I'd still be way into Jurassic World if it was just 2 hours in a dino amusement park &amp; nothing went wrong &amp; all the characters had fun,2015-01-26 00:43:38,96,26,en
"The NBA jump ball playlist has been stagnant for 20 years. House of Pain, Kriss Kross, Van Halen... Kanye should release a ""jump"" track",2015-01-25 22:41:45,16,2,en
Hold on... Mortdecai is rated R? That's somehow the most inexplicable part of the whole inexplicable thing,2015-01-24 18:12:23,29,6,en
"Someday a former weird tweeter will run for office &amp; have to explain why, as @zangief_cum, they told Sbarro ""jet fuel cant melt steel""",2015-01-23 23:42:49,33,4,en
"One of my fav sketch shows ever, @thebirthdayboys, is ending its run. Season one is on Netflix, &amp; here's a classic: https://t.co/Uzz65eRNo6",2015-01-23 23:00:31,7,1,en
"See Mortdecai if you must, but there are numerous fabrications in the real-life Mortdecai's memoir. Put bluntly, it's jingoistic trash",2015-01-23 19:12:07,27,12,en
The reviews are in for Mortdecai http://t.co/xzLPOZwYL7,2015-01-22 23:54:28,42,14,en
When you follow each other but have never interacted http://t.co/FNAWPS9ina,2015-01-22 19:44:17,127,61,en
"Man pink floyd... that was the band. They were like, education: eat shit. Time: kiss my ass. Money: fuck you",2015-01-22 00:25:39,2387,1079,en
"Stay all the way to the end of American Sniper, the post credits scene is incredible http://t.co/eaZc03Lj01",2015-01-21 19:47:43,228,159,en
If I was an NBA ref &amp; blew an inadvertent whistle I'd be so fuckin embarrassed,2015-01-20 04:00:04,8,0,en
"Tried 4 different McDonalds, they're all sold out of the Mortdecai happy meal toys. My son is crushed",2015-01-20 01:28:05,21,1,en
Kinda fucked up Stephen http://t.co/HDz7G5jaAx,2015-01-19 22:52:20,48,9,en
"TV dinners changed how we ate, Chubby Checker blared from jukeboxes, &amp; voters said ""I like Ike"". The year... was 1997 http://t.co/X7AyaorYrL",2015-01-18 01:10:22,47,6,en
My deepest condolences on your son getting dunked on,2015-01-17 23:00:36,126,39,en
Never been to hooters but I get the appeal of gorging on hot wings &amp; chili fries then going home to jack off,2015-01-17 01:38:35,58,12,en
"When I was 7 I told my brother's friend ""Your dick's as big as your skateboard!"" Everyone laughed so I assumed it was a sick own",2015-01-17 00:02:42,25,3,en
"Wild Horses: Stakeout on @funnyordie - improvised by @WildHorsesShow directed &amp; edited by me:
http://t.co/JyHgiGbJzV",2015-01-16 20:45:57,50,30,en
"Hammer Bros (disambiguation)
- Bowser's minions in Super Mario Bros
- Serial killers Clem &amp; Gomer Nowak who stalked Appalachia in the 1890s",2015-01-16 19:57:16,5,0,en
How long was I in that coma http://t.co/arWoZxXhXF,2015-01-16 06:22:18,77,13,en
The dog of the year is sick as hell congrats Hank http://t.co/gFR8dTYIor,2015-01-16 03:36:59,10,0,en
Question professor: could a non corporeal being experience tactile sensation with itself? What I'm trying to ask is can ghosts jack off,2015-01-16 00:20:39,40,9,en
"MUST LISTEN: Isolated vocal track of the ""can't wake up"" guy from that Evanescence song",2015-01-15 22:30:09,22,3,en
Are any twitter users idiots,2015-01-15 00:30:14,27,1,en
When randos are arguing in your mentions http://t.co/TzBXNBbFDc,2015-01-14 21:00:52,26,2,en
So much TV is for nobody,2015-01-14 19:26:31,27,2,en
If Mitt's seriously considering another run in 2016 this is gonna haunt him http://t.co/HOCZ8Jg5WC,2015-01-13 20:11:14,6443,4739,en
"My most popular tweet is when I manually RT'd a Stifler parody account &amp; added ""üòÇüòÇüòÇ""",2015-01-12 23:59:44,29,3,en
In the magic community I have a reputation for completely fucking up card tricks &amp; then angrily blaming my volunteer,2015-01-12 18:53:36,17,1,en
"Here's how carefree the 90s were: when Friends premiered, radio stations played the theme song as a single",2015-01-11 07:14:25,50,7,en
How to daydream about hunks http://t.co/Y5hj7vu3ZS,2015-01-10 01:00:58,40,5,en
When u find out a weird tweeter's real name http://t.co/XAnNzR5E6a,2015-01-09 21:15:31,18,1,en
I'm reading (ok fine listening to) a book about the manson family &amp; this racist murder cult was more organized than every sketch group,2015-01-09 02:40:53,311,69,en
I know I'm good at being a charlatan b/c no one's ever called me out for being a charlatan,2015-01-08 20:48:03,7,0,en
"Tune into FXX, they're showing a marathon of all 18 Simpsons where grandpa falls in love",2015-01-08 01:37:40,14,0,en
http://t.co/ePxtleNN4y,2015-01-07 01:47:57,66,19,und
"Vague idea: dessert equivalent of a turkey leg. A sweet treat you hold by a handle &amp; take big satisfying chomps of. Don't say ""candy apple""",2015-01-07 00:14:47,6,0,en
"""Hi, I'm Rob Lowe.""
""And I'm melting wax figure Rob Lowe."" http://t.co/tkaALth3pe",2015-01-06 20:14:42,542,194,en
Mortdecai looks like a movie Troy McClure would've passed on,2015-01-06 17:24:15,34,2,en
"""You wearing a wire?"" -conscientious stunt coordinator",2015-01-06 00:29:00,9,2,en
Hey Arnold impregnates Betty Boop to create the character w/ the all time most fucked up skull,2015-01-05 22:03:06,11,0,en
"Season 23, Episode 18
""Lisa the Libertarian""
Fed up with Ralph's stupidity, Lisa embraces objectivism. Ron Paul guest stars.",2015-01-05 18:36:57,5,1,en
Alvin Gentry's story about meeting Buzz Aldrin is my favorite http://t.co/sUNj6Wyixu,2015-01-05 05:05:02,110,82,en
"There's a word for someone who goes by their middle name instead of their first. That word is ""liar""",2015-01-04 21:41:22,41,0,en
"Can't talk now, I'm busy wasting the precious gift of human life http://t.co/xZHAq2oWz2",2015-01-03 23:30:20,96,37,en
Hell yeah just got the Melissa Joan Hart follow. Her and Taye Diggs are like twitter's celebrity starter pokemon,2015-01-03 04:16:29,44,3,en
The mythbusters where they test sub zero's fatality is hard to watch. It's fucked up what they do to that intern,2015-01-02 19:04:18,24,0,en
"I just read rip van winkle. Part of the story is, rip hates his wife &amp; when he wakes from his slumber he's relieved she's dead. Fucked up",2015-01-02 15:45:15,5,0,en
"I love how retirement savings advice always says the most important thing is to start early. Might as well just say ""you're fucked""",2015-01-02 04:04:04,22,4,en
The physicians choice for headaches induced by choppy streaming video playback http://t.co/kz0QuUkjbN,2015-01-02 02:59:47,72,10,en
Ugh I hate how porn sites are always so much slower on new years b/c of all the ppl who resolved to start jacking off,2015-01-01 23:55:06,19,3,en
I am grateful for 2015 chiefly b/c the inimitable @jackallisonLOL is returning to Facebook #JacksBackOnFacebook2015,2015-01-01 07:55:33,7,1,en
"""I prefer mild cheddar"" -sad loser who can't handle sharp. Fucking pathetic",2015-01-01 01:05:10,49,8,en
wtf @ wario RT @FoxNews: Ring in 2015 with Fox News Channel! Join us on Dec. 31st at 9p ET. #FoxNews2015 http://t.co/b3anLpppih,2014-12-31 02:42:20,14,7,en
Frankenstein being distorted into an inarticulate green brute is like if in 150 years Batman is a bat-human hybrid who haunts the woods,2014-12-30 22:42:33,12,3,en
2014's most influential person on social media: whoever runs that fake Chris Rock account,2014-12-30 20:02:14,12,5,en
#2014InOnePicture http://t.co/JP0KwfGZEu,2014-12-30 03:50:16,14,0,und
"Next on the Archaeologist Society agenda: a motion to rename our profession ""Mummy Hunter""? Carl you asked about this privately &amp; I said no",2014-12-30 03:15:00,12,1,en
"She instantly started rubbing his flabby torso &amp; sweaty armpits, hard, as if petting a big dog. Crowd went nuts. I never got an explanation",2014-12-29 06:29:10,22,0,en
"He pulled this elated blond woman up onstage. He then said ""let's go hiking!"" &amp; raised his shirt to reveal his fat, hairy, sweaty belly",2014-12-29 06:28:40,19,0,en
"In HS I went to see a punk band I'd never heard of. After their last song, the singer said ""I need ONE"" &amp; all these women raised their hands",2014-12-29 06:28:14,18,0,en
"2040. My vitals fading, my aged wife leans in to hear my last words:
""Remember Qwikster lol""",2014-12-28 20:20:14,13,0,en
"Honey I'll take dinner at my desk, I'm busy calling out race hustlers in Autozone's facebook comments",2014-12-27 23:23:25,7,2,en
I mean I'm glad I knew that M Bison is called Vega in Japan but I have no idea why that question was on the LSAT,2014-12-26 23:01:14,15,6,en
The Cliff Paul campaign has gotten completely out of hand. National Bureau of Assists? Jesus stop trying to Avengers everything,2014-12-26 00:05:37,4,2,en
With pleasure http://t.co/BQYFHyvj8N,2014-12-25 04:52:39,8,0,en
When your aunt has too much wine on xmas http://t.co/WCkAk4GBPu,2014-12-24 19:22:21,449,160,en
Brainstorming things more embarrassing than writing a script at Starbucks. List so far: diarrhea while pole vaulting &amp; calling a judge mommy,2014-12-24 03:41:55,19,2,en
"Lots of great celeb cameos in the Entourage movie: Vladimir Putin, Donald Sterling, Dan Nainan",2014-12-23 20:45:07,4,2,en
When u see the entourage trailer http://t.co/cmEOG0FTms,2014-12-23 20:28:47,10,1,en
When we exhumed my uncle's corpse everyone burst out laughing b/c we'd forgotten he was buried in his Charlotte Hornets Starter jacket,2014-12-22 20:52:00,43,5,en
Scott Adams still hasn't replied to my email re: any plans for Dilbert to address Gamergate,2014-12-22 19:47:40,9,0,en
When an actor whose work you admire has the political opinions of your sunburned uncle http://t.co/A3Mp7AkdTR,2014-12-21 22:40:55,15,2,en
Sorry guys twitter is done. It's all about the /r/jokes subreddit now,2014-12-21 21:03:19,9,1,en
It's weird you could make a podcast like just about hot wings &amp; it'd find an audience &amp; you'd say your wing opinions &amp; ppl would get mad,2014-12-21 06:06:44,46,4,en
"Passed another runner in the crosswalk &amp; he posted up for a high five &amp; said ""up top"". Prob the apex of my year",2014-12-21 02:41:47,14,0,en
I would've preferred you speak to me in private Kaitlyn http://t.co/QHuWAytd87,2014-12-19 22:30:20,576,215,en
Charles Manson thought the Beatles were the four horsemen &amp; the white album foretold an imminent race war. What a fucking dork,2014-12-19 19:01:15,17,0,en
"Before twitter, if you were a conservative celebrity, your only outlet was appearing on the cover of Cigar Aficionado magazine",2014-12-19 02:44:36,45,10,en
